AS36223,Spanish Fork City
AS3462,HiNet (Chunghwa Telecom)
AS12389,PJSC Rostelecom
AS4766,Korea Telecom
AS6830,Liberty Global B.V.
AS5089,Virgin Media Limited
AS55836,Reliance Jio Infocomm Limited
AS4837,China Unicom Backbone
AS28573,Claro NXT Telecomunicacoes Ltda
AS701,Verizon Business
AS3352,TELEFONICA DE ESPANA S.A.U.
AS12479,Orange Espagne SA
AS2516,KDDI Corporation
AS8402,"OJSC ""Vimpelcom"""
AS3269,TIM S.p.A. (fka. Telecom Italia S.p.A.)
AS9269,Hong Kong Broadband Network Ltd.
AS3215,Orange S.A.
AS8708,DIGI ROMANIA S.A.
AS2856,British Telecommunications
AS17676,SoftBank Corp.
AS4760,HKT Limited
AS7018,"AT&T Enterprises, LLC"
AS20115,Charter Communications LLC
AS3320,Deutsche Telekom AG
AS5607,Sky UK
AS12322,Free SAS
AS36947,Telecom Algeria
AS577,Bell Canada
AS1221,Telstra Limited
AS6697,Beltelecom
AS12874,Fastweb SpA
AS9808,China Mobile Backbone
AS4812,China Telecom Shanghai Province Network
AS18881,TELEFÔNICA BRASIL LTDA
AS22773,Cox Communications Inc.
AS25513,PJSC Moscow city telephone network
AS5483,Magyar Telekom Plc.
AS42610,PJSC Rostelecom
AS8866,Vivacom Bulgaria EAD
AS47331,TTNet A.S.
AS33363,"Charter Communications, Inc"
AS6327,Shaw Communications Inc.
AS6799,Ote SA (Hellenic Telecommunications Organisation)
AS4788,TM Technology Services Sdn. Bhd.
AS8452,Telecom Egypt
AS2527,Sony Network Communications Inc.
AS20001,Charter Communications Inc
AS5769,Videotron Ltee
AS27699,TELEFÔNICA BRASIL S.A
AS10796,Charter Communications Inc
AS9318,SK Broadband Co Ltd
AS812,Rogers Communications Canada Inc.
AS2119,Telenor Norge AS
AS33915,Vodafone Libertel B.V.
AS6128,Cablevision Systems Corp.
AS20845,DIGI Tavkozlesi es Szolgaltato Kft.
AS15557,SFR SA
AS7738,V.tal
AS5432,Proximus NV
AS11427,Charter Communications Inc
AS30722,Vodafone Italia S.p.A.
AS45609,Bharti Airtel Ltd. AS for GPRS Service
AS12430,VODAFONE ESPANA S.A.U.
AS15895,"""Kyivstar"" PJSC"
AS45595,Pakistan Telecom Company Limited
AS5410,Bouygues Telecom SA
AS8151,UNINET
AS15704,XTRA TELECOM S.A.
AS8359,MTS PJSC
AS5650,Frontier Communications
AS13285,TalkTalk Communications Limited
AS852,TELUS Communications Inc.
AS7545,TPG Telecom Limited
AS9198,JSC Kazakhtelecom
AS3301,Telia Company AB
AS6739,"VODAFONE ONO, S.A."
AS25019,Saudi Telecom Company JSC
AS17858,LG POWERCOMM
AS33491,"Comcast Cable Communications, LLC"
AS1136,KPN B.V.
AS11426,Charter Communications Inc
AS6849,"JSC ""Ukrtelecom"""
AS209,Lumen (ex. Qwest)
AS1267,WIND TRE S.P.A.
AS8551,Bezeq International Ltd.
AS5617,Orange Polska Spolka Akcyjna
AS3216,"PJSC ""Vimpelcom"""
AS37457,Telkom SA Ltd.
AS3243,MEO
AS8167,V.tal
AS12714,PJSC MegaFon
AS9299,PLDT (Philippine Long Distance Telephone Company)
AS17552,True Online
AS25229,"Limited Liability Company ""KYIVSKI TELEKOMUNIKATSIYNI MEREZHI"""
AS2518,BIGLOBE Inc.
AS17511,OPTAGE Inc.
AS21928,"T-Mobile USA, Inc."
AS8400,Telekom Srbija a.d.
AS6848,Telenet BV
AS12357,VODAFONE ESPANA S.A.U.
AS33651,"Comcast Cable Communications, LLC"
AS31042,Serbia BroadBand-Srpske Kablovske mreze d.o.o.
AS12849,Hot-Net internet services Ltd.
AS4804,Optus (Microplex PTY LTD)
AS12353,Vodafone Portugal - Communicacoes Pessoais S.A.
AS7015,"Comcast Cable Communications, LLC"
AS36903,Maroc Telecom
AS5603,"Telekom Slovenije, d.d."
AS5384,EMIRATES TELECOMMUNICATIONS GROUP COMPANY (ETISALAT GROUP) PJSC
AS2860,"NOS COMUNICACOES, S.A."
AS13124,A1 Bulgaria EAD
AS8764,"Telia Lietuva, AB"
AS4808,China Unicom Beijing Province Network
AS134774,CHINANET Guangdong province Shenzhen MAN network
AS12576,EE Limited
AS8048,"CANTV Servicios, Venezuela"
AS9105,TalkTalk Communications Limited
AS35807,SkyNet Ltd.
AS6871,Plusnet plc
AS56046,China Mobile Beijing Province Network
AS39651,Tele2 Sverige (Com Hem)
AS56047,China Mobile communications corporation
AS29695,Lyse Tele AS
AS12271,Charter Communications Inc
AS7992,Cogeco Connexion Inc.
AS41733,"JSC ""ER-Telecom Holding"""
AS29580,A1 Bulgaria EAD
AS43205,Vivacom Bulgaria EAD
AS34984,Superonline Iletisim Hizmetleri A.S.
AS11351,Charter Communications Inc
AS9829,BSNL (Bharat Sanchar Nigam Ltd)
AS31334,Vodafone Deutschland GmbH
AS5645,"TekSavvy Solutions, Inc."
AS34779,"T-2, d.o.o."
AS1680,Cellcom Fixed Line Communication L.P
AS10318,Telecom Argentina S.A.
AS9304,HGC Global Communications Limited
AS20057,"AT&T Enterprises, LLC"
AS58224,Iran Telecommunication Company PJS
AS3329,Vodafone Greece
AS7303,Telecom Argentina S.A.
AS25472,Nova Telecommunications & Media Single Member S.A
AS13188,Triolan
AS9824,"JCOM Co., Ltd."
AS45899,VNPT Corp
AS15582,JSC Comcor
AS33650,"Comcast Cable Communications, LLC"
AS131596,TBC
AS12392,VOO S.A.
AS9924,"Taiwan Fixed Network, Telco and Network Service Provider."
AS6147,Telefonica del Peru S.A.A.
AS9121,Turk Telekom
AS7725,"Comcast Cable Communications, LLC"
AS8473,Bahnhof AB
AS3303,Swisscom (Schweiz) AG
AS25159,PJSC MegaFon
AS15774,"Limited Liability Company ""TTK-Svyaz"""
AS9506,Singtel Fibre Broadband
AS9116,Partner Communications Ltd.
AS45758,Triple T Broadband Public Company Limited
AS22047,VTR BANDA ANCHA S.A.
AS4780,Digital United Inc.
AS33668,"Comcast Cable Communications, LLC"
AS5378,Vodafone Limited
AS45271,Vodafone Idea Ltd
AS43561,Vivacom Bulgaria EAD
AS3292,TDC Holding A/S
AS1241,Nova Telecommunications & Media Single Member S.A
AS10481,Telecom Argentina S.A.
AS28840,"PJSC ""TATTELECOM"""
AS35141,A1 Bulgaria EAD
AS22927,Telefonica de Argentina
AS8369,Intersvyaz-2 JSC
AS4739,Internode Pty Ltd
AS20214,"Comcast Cable Communications, LLC"
AS3786,LG DACOM Corporation
AS33659,"Comcast Cable Communications, LLC"
AS12338,Euskaltel S.A.
AS5391,Hrvatski Telekom d.d.
AS17488,Hathway IP Over Cable Internet
AS12578,SIA Tet
AS9541,Cyber Internet Services (Pvt) Ltd.
AS9050,Orange Romania S.A.
AS8926,Moldtelecom SA
AS24560,"Bharti Airtel Ltd., Telemedia Services"
AS27747,Telecentro S.A.
AS21502,Societe Francaise Du Radiotelephone - SFR SA
AS16345,"PJSC ""Vimpelcom"""
AS12083,WideOpenWest Finance LLC
AS7016,"Comcast Cable Communications, LLC"
AS33657,"Comcast Cable Communications, LLC"
AS3209,Vodafone GmbH
AS42298,Ooredoo Q.S.C.
AS29497,MTS PJSC
AS136200,CHINANET Guangdong province Foshan MAN network
AS55430,Starhub Ltd
AS33662,"Comcast Cable Communications, LLC"
AS12301,Invitech ICT Services Kft.
AS855,Bell Canada
AS18126,"Chubu Telecommunications Company, Inc."
AS132199,Globe Telecom Inc.
AS10620,Telmex Colombia S.A.
AS4609,Companhia de Telecomunicacoes de Macau SARL
AS35819,"Etihad Etisalat, a joint stock company"
AS24444,Shandong Mobile Communication Company Limited
AS23969,TOT Public Company Limited
AS19108,Optimum
AS5610,"O2 Czech Republic, a.s."
AS4773,M1 Limited
AS33576,Digicel Jamaica
AS26615,TIM S/A
AS2497,Internet Initiative Japan Inc.
AS17506,ARTERIA Networks Corporation
AS10507,Sprint Personal Communications Systems
AS7713,PT Telkom Indonesia Tbk
AS47524,Turksat Uydu Haberlesme ve Kablo TV Isletme A.S.
AS33652,"Comcast Cable Communications, LLC"
AS38841,kbro CO. Ltd.
AS29314,VECTRA S.A.
AS16591,Google Fiber Inc.
AS133481,AIS Fibre
AS10474,Dimension Data
AS16010,Magticom Ltd.
AS33667,"Comcast Cable Communications, LLC"
AS134772,CHINANET Guangdong province Dongguan MAN network
AS9443,Vocus Retail
AS59257,Zong (CMPak Limited)
AS35805,"JSC ""Silknet"""
AS3249,Telia Eesti AS
AS10010,TOKAI Communications Corporation
AS8346,SONATEL-AS Autonomous System
AS7418,TELEFÓNICA CHILE S.A.
AS13999,"Mega Cable, S.A. de C.V."
AS7029,Windstream Communications LLC
AS6855,"Slovak Telekom, a.s."
AS7552,Viettel Group
AS6866,Cyprus Telecommunications Authority
AS6079,RCN
AS5466,Eircom Limited
AS37611,Afrihost (Pty) Ltd
AS30689,FLOW
AS15399,Wananchi Group (Kenya) Limited
AS1257,Tele2 Sverige AB
AS6400,Claro Dominican Republic
AS39608,Lanet Network Ltd
AS31514,Invest Mobile LLC
AS31163,PJSC MegaFon
AS29124,Iskratelecom JSC
AS2514,"NTT PC Communications, Inc."
AS31148,Freenet LTD
AS31133,PJSC MegaFon
AS8334,LLC SETEL
AS6057,Administracion Nacional de Telecomunicaciones
AS42682,"JSC ""ER-Telecom Holding"""
AS41164,Telia Norge AS
AS2519,ARTERIA Networks Corporation
AS2510,FUJITSU LIMITED
AS17072,TOTAL PLAY TELECOMUNICACIONES SA DE CV
AS13489,EPM Telecomunicaciones S.A. E.S.P.
AS9534,Maxis
AS36996,Telecom Namibia
AS27665,Columbus Communications Trinidad Limited.
AS13367,"Comcast Cable Communications, LLC"
AS8881,1&1 Versatel Deutschland GmbH
AS4685,"Asahi Net, Inc."
AS42772,Unitary enterprise A1
AS3212,Telemach Slovenija d.o.o.
AS24955,"JSC ""Ufanet"""
AS18116,HGC Global Communications Limited
AS31213,PJSC MegaFon
AS23860,Alliance Broadband Services Pvt. Ltd.
AS14754,Claro Guatemala (Telgua)
AS12741,Netia SA
AS12334,"R Cable y Telecable Telecomunicaciones, S.A.U."
AS56041,China Mobile communications corporation
AS31200,Novotelecom Ltd
AS29562,Vodafone West GmbH
AS132165,Connect Communications
AS8228,Societe Francaise Du Radiotelephone - SFR SA
AS39891,Saudi Telecom Company JSC
AS30036,Mediacom Communications Corp
AS12958,T2 Mobile LLC
AS53006,ALGAR TELECOM S/A
AS45011,Bredband2 AB
AS35612,EOLO S.p.A.
AS17974,PT Telekomunikasi Indonesia
AS8615,"""Central Telegraph"" Public Joint-stock Company"
AS47956,XFone 018 Ltd
AS33771,Safaricom Limited
AS29518,Bredband2 AB
AS24309,Atria Convergence Technologies
AS17421,Mobile Business Group
AS15502,Vodafone Ireland Limited
AS51207,Free Mobile SAS
AS34569,Vivacom Bulgaria EAD
AS33287,"Comcast Cable Communications, LLC"
AS31214,TIS Dialog LLC
AS18182,Sony Network Taiwan Limited
AS12989,Black HOST Ltd
AS9500,One New Zealand Group Limited
AS8447,A1 Telekom Austria AG
AS8386,Vodafone Turkey
AS6856,"AO IK ""Informsvyaz-Chernozemye"""
AS41691,PJSC Rostelecom
AS34533,"JSC ""ER-Telecom Holding"""
AS20485,JSC TransTeleKom
AS18403,FPT Telecom Company
AS18209,"Atria Convergence Technologies Ltd.,"
AS11290,Cogeco Connexion inc
AS8612,Tiscali Italia S.P.A.
AS6876,TENET Scientific Production Enterprise LLC
AS3816,COLOMBIA TELECOMUNICACIONES S.A. ESP
AS37705,TOPNET
AS32489,Amanah Tech Inc.
AS28006,CORPORACION NACIONAL DE TELECOMUNICACIONES - CNT EP
AS21021,Multimedia Polska Sp. z o.o.
AS18419,DaDa Broadband LTD.
AS1759,Telia Finland Oyj
AS14868,Ligga Telecomunicações S.A.
AS8374,Polkomtel Sp. z o.o.
AS719,Elisa Oyj
AS56044,China Mobile communications corporation
AS12668,"LLC ""KomTehCentr"""
AS4847,China Telecom Beijing Province Network
AS3741,Dimension Data
AS36907,TV CABO ANGOLA LDA
AS22909,"Comcast Cable Communications, LLC"
AS12644,Telemach Slovenija d.o.o.
AS9617,"JCOM Co., Ltd."
AS9329,Sri Lanka Telecom Internet
AS8193,"""Uzbektelekom"" Joint Stock Company"
AS6805,Telefonica Germany (o2)
AS40788,Start Communications
AS3265,KPN B.V.
AS28812,"PJSC ""Bashinformsvyaz"""
AS24445,"Henan Mobile Communications Co.,Ltd"
AS24400,"Shanghai Mobile Communications Co.,Ltd."
AS22258,"Comcast Cable Communications, LLC"
AS21127,Joint Stock Company TransTeleCom
AS15802,Emirates Integrated Telecommunications Company PJSC
AS9930,TIME dotCom Bhd
AS7679,"QTnet,Inc."
AS7122,Bell Canada
AS51570,"JSC ""ER-Telecom Holding"""
AS44391,JSC Elektrosvyaz
AS3326,"PRIVATE JOINT STOCK COMPANY ""DATAGROUP"""
AS24164,UNION BROADBAND NETWORK
AS17501,WorldLink Communications Pvt Ltd
AS15377,TRADITIONAL LLC
AS132525,HeiLongJiang Mobile Communication Company Limited
AS13127,Odido Netherlands B.V.
AS11260,EastLink
AS9416,Hoshin Multimedia Center Inc.
AS6730,Sunrise GmbH
AS52075,Wifirst S.A.S.
AS35816,Lancom Ltd.
AS31252,StarNet Solutii SRL
AS26599,Telefônica Brasil
AS23700,PT Link Net Tbk
AS18049,Taiwan Infrastructure Network Technologie
AS11814,Distributel Communications Limited
AS11492,"CABLE ONE, INC."
AS8462,Tarr Kft.
AS6703,"PRIVATE JOINT-STOCK COMPANY ""FARLEP-INVEST"""
AS39603,P4 Sp. z o.o.
AS29571,Orange Côte d'Ivoire
AS24757,Ethio telecom
AS17639,Converge ICT Solutions Inc.
AS15435,DELTA Fiber Nederland B.V.
AS133982,Excitel Broadband Private Limited
AS12768,"JSC ""ER-Telecom Holding"""
AS9790,Two Degrees Networks Limited
AS6503,"Axtel, S.A.B. de C.V."
AS50543,"JSC ""ER-Telecom Holding"""
AS45769,D-Vois Broadband Pvt Ltd
AS41668,"JSC ""ER-Telecom Holding"""
AS39435,"JSC ""ER-Telecom Holding"""
AS39102,Global Network Management Inc
AS33660,"Comcast Cable Communications, LLC"
AS33489,"Comcast Cable Communications, LLC"
AS31343,Intertelecom Ltd
AS24835,Vodafone Egypt
AS23184,Persona Communications Inc.
AS16086,DNA Oyj
AS131627,"Peicity Digital Cable Television., LTD"
AS8953,Orange Romania S.A.
AS56300,MyRepublic Ltd.
AS49724,JSC Vainah Telecom
AS33661,"Comcast Cable Communications, LLC"
AS31036,"JSC ""ER-Telecom Holding"""
AS28126,BRISANET SERVICOS DE TELECOMUNICACOES S.A
AS27947,Telconet S.A
AS25144,Telekomunikacije Republike Srpske a.d.
AS24651,JSC BALTICOM
AS23693,PT. Telekomunikasi Selular
AS21412,"UAB ""Cgates"""
AS14813,Columbus Telecommunications (Barbados) Limited
AS7482,Asia Pacific On-line Service Inc.
AS6821,Makedonski Telekom AD-Skopje
AS58073,YISP B.V.
AS51604,"JSC ""ER-Telecom Holding"""
AS50266,Odido Netherlands B.V.
AS42145,"JSC ""ER-Telecom Holding"""
AS34977,PROCONO S.A.
AS34145,"JSC ""ER-Telecom Holding"""
AS3255,Ukrainian Academic and Research Network
AS29256,Syrian Telecommunication Private Closed Joint Stock Company
AS25255,Hutchison Drei Austria GmbH
AS25106,Mobile TeleSystems JLLC
AS24863,Link Egypt (Link.NET)
AS198471,Opnet Srl
AS13272,Elisa Eesti AS
AS12912,T-Mobile Polska S.A.
AS12709,Melita Limited
AS9908,HK Cable TV Ltd
AS51645,"JSC ""ER-Telecom Holding"""
AS4764,Aussie Broadband
AS4721,"JCOM Co., Ltd."
AS43557,Norlys Fibernet A/S
AS42437,T2 Mobile LLC
AS41798,JSC Transtelecom
AS21508,"Comcast Cable Communications, LLC"
AS13046,Hrvatski Telekom d.d.
AS11232,Midcontinent Communications
AS10429,TELEFÔNICA BRASIL S.A
AS8591,"A1 Slovenija telekomunikacijske storitve,d.d."
AS803,Saskatchewan Telecommunications
AS6535,Telmex Servicios Empresariales S.A.
AS4704,"Rakuten Mobile, Inc."
AS44604,JSC KVANT-TELEKOM
AS44395,Ucom CJSC
AS34602,MEGASVYAZ LLC
AS33588,Charter Communications LLC
AS29614,TELECEL GHANA AS INTERNATIONAL TRANSIT
AS28885,Oman Telecommunications Company (S.A.O.G)
AS23889,Mauritius Telecom Ltd
AS20910,"SIA ""BITE Latvija"""
AS201776,Miranda-Media Ltd
AS18081,"Kintetsu Cable Network Co., Ltd."
AS15994,A1 Hrvatska d.o.o.
AS14117,Telefonica del Sur S.A.
AS12978,ANDROMEDA TV DIGITAL PLATFORM ISLETMECILIGI A.S.
AS12946,"R Cable y Telecable Telecomunicaciones, S.A.U."
AS12400,Partner Communications Ltd.
AS9146,BH Telecom d.d.
AS56420,"JSC ""ER-Telecom Holding"""
AS56048,China Mobile Group Beijing Company
AS48161,NEXTGEN COMMUNICATIONS SRL
AS47771,Vivacom Bulgaria EAD
AS45629,JasTel Network International Gateway
AS43612,A1 Makedonija DOOEL
AS42560,Telemach BH d.o.o. Sarajevo
AS3737,PenTeleData Inc.
AS31012,A1 Hrvatska d.o.o.
AS23674,Nayatel (Pvt) Ltd
AS21299,Kar-Tel LLC
AS19429,ETB - Colombia
AS8331,"JSC ""ER-Telecom Holding"""
AS56478,Hyperoptic Ltd
AS50923,Metroset Ltd.
AS44869,FIBIA P/S
AS41682,"JSC ""ER-Telecom Holding"""
AS34700,"Maxnet Telecom, LTD"
AS34594,Telemach Hrvatska d.o.o.
AS34456,Rial Com JSC
AS21211,"Penkiu kontinentu komunikaciju centras, Ltd."
AS2110,BT Communications Ireland Limited
AS15962,Orange Slovensko a.s.
AS12297,Telecom Armenia OJSC
AS9354,Community Network Center Inc.
AS8905,Digit One LLC
AS57378,"JSC ""ER-Telecom Holding"""
AS47377,Orange Belgium SA
AS43529,ViDaNet Cabletelevision Provider Ltd.
AS41754,"JSC ""ER-Telecom Holding"""
AS41268,LANTA Ltd
AS39927,E-Light-Telecom Ltd.
AS35728,MTS PJSC
AS31272,WildPark Co
AS23688,Link3 Technologies Ltd.
AS21453,Flex Ltd.
AS1901,A1 Telekom Austria AG
AS11404,Wave Broadband
AS8728,AS INFONET
AS8439,PJSC Rostelecom
AS6181,Cincinnati Bell Telephone Company LLC
AS52207,"JSC ""ER-Telecom Holding"""
AS4725,SoftBank Corp.
AS39184,UltraNET Ltd
AS38264,Wateen Telecom
AS34754,Vivacom Bulgaria EAD
AS24499,Telenor Pakistan
AS23201,TIGO Paraguay
AS15419,"SC ""Lithuanian Radio and TV Center"""
AS12735,TurkNet Iletisim Hizmetleri A.S.
AS8717,A1 Bulgaria EAD
AS7532,Gamania CloudForce
AS49037,Prostie Reshenia LLC
AS48176,OOO SET
AS45510,Telcoinabox Operations Pty Ltd
AS43939,Netia SA
AS42668,"Nevalink, LLC"
AS37671,3S INF
AS37204,Telone PVT Ltd
AS35432,Cablenet Communication Systems plc
AS34187,LLC Renome-Service
AS30844,Liquid Intelligent Technologies 
AS22085,Claro S/A
AS16342,Toya sp.z.o.o
AS14080,Telmex Colombia S.A.
AS13110,INEA sp. z o.o.
AS11888,"Television Internacional, S.A. de C.V."
AS6677,Míla hf
AS5416,BEYON B.S.C.
AS5413,Daisy Corporate Services Trading Ltd
AS50710,Earthlink Telecommunications Equipment Trading & Services DMCC
AS41937,Telekom Srbija a.d.
AS4181,TDS TELECOM
AS41727,"JSC ""ER-Telecom Holding"""
AS33654,"Comcast Cable Communications, LLC"
AS31257,Orion Telecom LLC
AS31205,PJSC MegaFon
AS29069,PJSC Rostelecom
AS262186,TV AZTECA SUCURSAL COLOMBIA
AS25374,ESCOM Ltd. - Haskovo
AS21230,M SAT Cable EAD
AS196949,Natalia Sergeevna Filicheva
AS18809,Cable Onda
AS18001,Dialog Axiata PLC.
AS17816,China Unicom IP network China169 Guangdong province
AS12969,Ljósleiðarinn ehf (Vodafone Iceland)
AS11664,Techtel LMDS Comunicaciones Interactivas S.A.
AS9381,HKBN Enterprise Solutions HK Limited
AS8767,M-net Telekommunikations GmbH
AS8585,Crnogorski Telekom a.d.Podgorica
AS8492,"""OBIT"" Ltd."
AS7522,"STNet, Incorporated"
AS6712,TVP Format Llc
AS6568,EMPRESA NACIONAL DE TELECOMUNICACIONES SOCIEDAD ANONIMA
AS50498,"JSC ""ER-Telecom Holding"""
AS50473,Altagen JSC
AS49453,Global Layer B.V.
AS48503,Mobile Telecom-Service LLP
AS48330,Sinev Maksim Viktorovich
AS48239,Scientific-Production Enterprise Information Technologies Ltd
AS45916,Gujarat Telelink Pvt Ltd
AS45194,Syscon Infoway Pvt. Ltd.
AS36992,Etisalat Egypt
AS28917,"Fiord Networks, UAB"
AS2609,Tunisia BackBone AS
AS25454,Orange Moldova S.A.
AS25408,"JSC ""ER-Telecom Holding"""
AS24547,Hebei Mobile Communication Company Limited
AS23944,SKY Cable Corporation
AS2116,GLOBALCONNECT AS
AS20590,Donbass Electronic Communications Ltd.
AS18207,YOU Broadband & Cable India Ltd.
AS17665,ONEOTT INTERTAINMENT LIMITED
AS17638,ASN for TIANJIN Provincial Net of CT
AS16058,Gabon Telecom / Office of Posts and Telecommunications of Gabon
AS1403,EBOX
AS13036,T-Mobile Czech Republic a.s.
AS12695,LLC Digital Network
AS12302,Vodafone Romania S.A.
AS12252,America Movil Peru S.A.C.
AS10013,"FreeBit Co.,Ltd."
AS9158,Telenor A/S
AS9070,Cooolbox AD
AS6713,Maroc Telecom
AS5563,"JSC ""ER-Telecom Holding"""
AS52260,Télécommunications de Haití (Teleco)
AS51896,Hringdu ehf
AS51819,"JSC ""ER-Telecom Holding"""
AS50581,Ukrainian Telecommunication Group LLC
AS48642,"Joint stock company ""For"""
AS47241,Joint Stock Company TransTeleCom
AS45669,PMCL /LDI IP TRANSIT
AS42110,"PJSC ""Vimpelcom"""
AS36937,Liquid Telecommunications South Africa (Pty) Ltd
AS35810,BIG TELECOM JSC
AS35753,Integrated Telecom Co. Ltd
AS35475,PJSC Moscow city telephone network
AS35320,Eurotranstelecom Ltd
AS35311,PR-TELECOM ZRt.
AS30986,Scancom Limited
AS27364,Armstrong
AS22995,Xplore Inc.
AS17747,SITI NETWORKS LIMITED
AS15735,GO p.l.c.
AS15673,Teleseti Plus Ltd.
AS15542,DELTA Fiber Nederland B.V.
AS1547,"INTERDNESTRKOM, Sovmestnoe Zakrytoe Aktsionernoe Obshchestvo"
AS15378,T2 Mobile LLC
AS14522,Satnet
AS137691,"Heilongjiang Province, P.R.China."
AS12810,A1 Hrvatska d.o.o.
AS12390,KCOM GROUP LIMITED
AS9365,its communications Inc.
AS8376,Jordan Data Communications Company LLC
AS7155,"ViaSat,Inc."
AS60139,Sever Telecom JSC
AS58895,Ebone Network (PVT.) Limited
AS49800,GNC-Alfa CJSC
AS49342,"OOO ""MediaSeti"""
AS47236,CityLink Ltd
AS45814,Fariya Networks Pvt. Ltd.
AS44724,Octopusnet LTD
AS42893,Home Internet Ltd
AS42313,ONE ALBANIA SH.A.
AS41661,"JSC ""ER-Telecom Holding"""
AS395965,Carrytel
AS37693,OOREDOO TUNISIE SA
AS37284,Aljeel Aljadeed For Technology
AS36925,Orange Maroc
AS35804,PP SKS-LUGAN
AS3549,Lumen (fka. Global Crossing)
AS35362,"LIMITED LIABILITY COMPANY ""BEST SOLUTIONS"""
AS34757,Sibirskie Seti Ltd.
AS34590,"JSC ""ER-Telecom Holding"""
AS34218,Three Ireland (Hutchison) limited
AS33885,Telenor Sverige AB
AS31143,COSMOS TV JLLC
AS29357,OOredOO Kuwait NMTC
AS29084,Comnet Bulgaria Holding Ltd.
AS28890,INSYS LLC
AS28118,ALTICE DOMINICANA S.A.
AS25133,"LLC ""McLaut-Invest"""
AS25086,MTS PJSC
AS21191,Joint Stock Company TransTeleCom
AS17809,VEE TIME CORP.
AS15964,CAMTEL
AS11338,SKY SERVIÇOS DE BANDA LARGA LTDA
AS10139,"Smart Broadband, Inc."
AS8580,MTS PJSC
AS6789,CRELCOM LLC
AS6471,ENTEL CHILE S.A.
AS55714,Fiberlink Pvt.Ltd
AS54614,CIK Telecom INC
AS50512,"JSC ""ER-Telecom Holding"""
AS47914,OOO Creative Direct Marketing Solutions
AS4662,GCNet (Reach & Range Inc.)
AS44677,MTS PJSC
AS42689,Glide Student & Residential Limited
AS42003,OGERO
AS41897,Sat-Trakt D.O.O.
AS37492,Orange Tunisie
AS37168,Cell C (Pty) Ltd
AS36423,Liberty Communications of Puerto Rico LLC
AS35539,Information and Communication Technologies LLC
AS34058,"Limited Liability Company ""lifecell"""
AS33666,"Comcast Cable Communications, LLC"
AS31195,PJSC MegaFon
AS29975,Vodacom
AS28884,MTS PJSC
AS28509,izzi Telecom
AS28220,Alares Internet
AS24812,NPK Home-Net Ltd.
AS24691,"TogoTelecom, Togo"
AS202940,ITC NG ltd
AS20207,Gigared S.A.
AS17849,SK Broadband Co Ltd
AS17622,China Unicom Guangdong Province Network
AS16246,"O2 Czech Republic, a.s."
AS16223,"MAXNET TELECOM, LTD"
AS15146,Cable Bahamas
AS136557,Host Universal Pty Ltd
AS136334,Vortex Netsol Private Limited
AS11845,Vox Telecom Ltd
AS10143,Exetel Pty Ltd
AS9919,"New Century InfoComm Tech Co., Ltd."
AS9762,HYUNDAI COMMUNICATIONS   NETWORK
AS9595,NTT-ME Corporation
AS9471,ONATI
AS9031,EDPNET Belgium BV
AS8636,MAXnet Systems Ltd.
AS5713,Telkom SA Ltd.
AS53913,City Wide Communications Inc.
AS50542,"JSC ""ER-Telecom Holding"""
AS49628,LLC Skytel
AS49218,Nizhnetagilskie Kompyuternye Seti LLC
AS47589,VIVA Kuwait (STC)
AS47438,Pskovline Ltd.
AS44489,"STARNET, s.r.o."
AS43966,"OOO ""IT-Region"""
AS42841,ANTIK Telecom s.r.o
AS42148,Beirel Telecom LLC
AS41435,UnderNet LLC
AS41275,Lovitel LLC
AS40029,Novus Entertainment Inc.
AS39087,P.A.K.T LLC
AS34295,Geo BG Net SPLtd.
AS31250,Vivacom Bulgaria EAD
AS29582,Optisprint OOD
AS28787,Baku Telephone Communication LLC
AS28210,GIGA MAIS FIBRA TELECOMUNICACOES S.A.
AS27884,CABLECOLOR S.A.
AS24589,Telenet SIA
AS24389,GP (GrameenPhone Ltd)
AS23563,SK Broadband Co Ltd
AS23089,Hotwire Communications
AS22724,PUNTONET S.A.
AS20807,"JSC ""ER-Telecom Holding"""
AS19863,Guyana Telephone & Telegraph Co.
AS18144,"Enecom,Inc."
AS18106,Viewqwest Pte Ltd
AS16735,Algar Telecom
AS16160,"SWAN, a.s."
AS15600,Quickline AG
AS13306,Unics EOOD
AS12843,TelemaxX Telekommunikation GmbH
AS9689,SK Broadband Co Ltd
AS9644,SK Telecom
AS9145,EWE TEL GmbH
AS8448,CETIN Hungary Zrt.
AS7524,"ITEC HANKYU HANSHIN CO.,LTD."
AS7459,"Grande Communications Networks, LLC"
AS6407,Primus Telecommunications Canada Inc.
AS55850,Mercury NZ Limited
AS5390,Euronet Communications B.V.
AS51784,"""X-City"" Ltd."
AS50477,Svyaz-Energo Ltd.
AS48917,Optinet Ltd
AS48190,T2 Mobile LLC
AS48092,T2 Mobile LLC
AS47895,"LTD ""Erline"""
AS47626,"Timer, LLC"
AS47165,Omskie kabelnye seti Ltd.
AS45775,WISH NET PRIVATE LIMITED
AS44143,A1 Srbija d.o.o.
AS44056,Trytek LLC
AS44050,Petersburg Internet Network ltd.
AS42116,"JSC ""ER-Telecom Holding"""
AS41750,Mega-Line Ltd.
AS41704,"JSC ""Ufanet"""
AS39007,"UAB ""Balticum TV"""
AS38917,INTERCOMTEL Limited Company
AS37680,Cool Ideas Service Provider (Pty) Ltd
AS36994,Vodacom
AS36974,MTN COTE D'IVOIRE S.A
AS35911,Telebec
AS34661,"TOV TRK ""Briz"""
AS34087,NTE TELEKOM AS
AS33665,"Comcast Cable Communications, LLC"
AS31208,PJSC MegaFon
AS29687,Geodim Ltd.
AS29107,Synapse Network LTD
AS27901,Pacifico Cable SPA.
AS27775,Telecommunicationcompany Suriname - TeleSur
AS24186,RailTel Corporation of India Ltd
AS21826,Corporación Telemic C.A. (Inter)
AS21283,A1 Slovenija d.d.
AS17621,China Unicom Shanghai network
AS17465,Asianet Broadband
AS15958,CETIN Ltd. Belgrade
AS14988,Botswana Telecommunications Corporation
AS134419,Beihai
AS13055,MTS PJSC
AS12997,OJSC Kyrgyztelecom
AS12764,AKNET Ltd.
AS9756,SK Broadband Co Ltd
AS8821,WWZ Telekom AG
AS8732,JSC Comcor
AS8371,"PJSC ""Vimpelcom"""
AS790,Elisa Oyj
AS7642,DHIVEHI RAAJJEYGE GULHUN PLC
AS6661,POST Luxembourg
AS59108,KATCH NETWORK INC.
AS5639,Telecommunication Services of Trinidad and Tobago
AS56040,China Mobile Group GuangDong Company
AS52362,"Servicios Innovadores de Comunicación y Entretenimiento, S.A."
AS51582,Cifrova Kabelna Korporacia EOOD
AS48832,Jordanian mobile phone services Ltd
AS48524,"INTERRA telecommunications group, Ltd."
AS48293,Uniontel Ltd
AS46690,Frontier Communications
AS46618,Cogeco Connexion inc
AS46375,Sonic Telecom LLC
AS45804,MEGHBELA BROADBAND
AS43754,Asiatech Data Transmission company
AS43530,Limited Liability Company Irtelcom
AS43274,Teleradiocompany Teleos-1 Ltd
AS43235,SPRINT INET LLC
AS43139,Maximum-Net LLC
AS42322,MTS PJSC
AS42087,MTS PJSC
AS41843,"JSC ""ER-Telecom Holding"""
AS41822,MTS PJSC
AS41709,Lugansky Merezhy Ltd
AS395570,Beanfield Technologies Inc.
AS39028,"JSC ""ER-Telecom Holding"""
AS38976,PJSC Rostelecom
AS38285,Vocus Retail
AS37560,Cyberdyne S.A.
AS37340,SPECTRANET LIMITED
AS36924,GVA Cote d'Ivoire SAS
AS36884,Wana Corporate
AS35598,INETCOM CARRIER LLC
AS35271,"JSC ""AVIEL"""
AS34797,System Net Ltd
AS34743,NASHNET LTD
AS34550,LLC Intercon
AS33765,TANZANIA TELECOMMUNICATIONS CO. LTD
AS327931,Optimum Telecom Algeria
AS3226,"OOO ""NI"""
AS31725,ISP Shtorm LTD
AS31286,MTS PJSC
AS31122,Digiweb ltd
AS29170,Kujtesa Net Sh.p.k.
AS29125,"PJSC ""Vimpelcom"""
AS2852,CESNET z.s.p.o.
AS28202,Master Internet
AS264668,NEGOCIOS Y TELEFONIA NEDETEL S.A.
AS2586,Elisa Eesti AS
AS25596,Cambrium B.V.
AS25521,Industrial Media Network LLC
AS25139,"TVCABO - Comunicações Multimedia, Lda"
AS23752,"Nepal Telecommunications Corporation, Internet Services,"
AS22923,Netminders Server Hosting
AS22363,"Powerhouse Management, Inc."
AS21351,Canal + Telecom SAS
AS20911,Net-Surf.net Ltd.
AS20875,JP HT d.d. Mostar
AS203953,Hiper A/S
AS199634,Yedinaya Setevaya Kompaniya Ltd
AS198820,Limited Liability Company Radio Network
AS197288,Norlys Digital A/S
AS197078,Yarnet Ltd
AS19182,TELEFÔNICA BRASIL S.A
AS17623,China Unicom Shenzhen network
AS16814,NSS S.A.
AS15525,MEO - SERVICOS DE COMUNICACOES E MULTIMEDIA S.A.
AS15344,Karib Cable
AS14638,Liberty Communications of Puerto Rico LLC
AS134732,Dot Internet
AS131607,"Digidom CableTV Co., LTD."
AS13037,Zen Internet Ltd
AS12737,"KrasPromStroy, LLC"
AS11830,Instituto Costarricense de Electricidad y Telecom.
AS10091,StarHub Ltd
AS9155,Quality Net General Trading & Contracting Company
AS9125,Orion telekom d.o.o.
AS9119,SOFTNET d.o.o.
AS8948,099 PRIMO COMMUNICATIONS LTD
AS8749,"JSC ""Redcom-lnternet"""
AS8680,Sure (Guernsey) Limited
AS8412,T-Mobile Austria GmbH
AS8251,"FreeTel, s.r.o."
AS6910,DIGI ROMANIA S.A.
AS63996,Mazeda Networks Limited
AS60656,BOL BG IZTOK LTD
AS57516,"SIA ""BITE Latvija"""
AS57269,DIGI SPAIN TELECOM S.L.
AS57227,Subnet LLC
AS57128,"JSC ""Ufanet"""
AS56568,X-COMMUNICATION LLP
AS56055,Micro Logic Systems
AS55947,Bangalore Broadband Network Pvt Ltd
AS55391,INTERNET MULTIFEED CO.
AS52613,GIGA MAIS FIBRA TELECOMUNICACOES S.A. (VIP)
AS52263,Telecable Economico S.A.
AS52228,Cable Tica
AS51813,Joint Stock Company TransTeleCom
AS51351,Classwire Limited
AS51035,"JSC ""ER-Telecom Holding"""
AS50716,Telecom.ru Ltd
AS50126,"OOO ""Teleservis"""
AS49902,SOCIETE REUNIONNAISE DU RADIOTELEPHONE SCS
AS49816,MTS PJSC
AS49403,AVK-Wellcom Ltd.
AS49048,"JSC ""ER-Telecom Holding"""
AS48940,Link Ltd.
AS48416,"Information Network, LLC"
AS4761,PT Indosat Tbk
AS47027,"Seaside Communications, Inc."
AS45184,Den Digital Entertainment Pvt. Ltd. AS ISP india
AS44923,Saint-Petersburg Computer Networks Ltd.
AS44507,OJSC Kostroma Municipal Telephone Network
AS44265,OOO Smoltelecom
AS44244,Iran Cell Service and Communication Company
AS43936,PE Zinstein Hariton Vladimirovich
AS43668,"""AS43668"" LLC"
AS43571,Nova hf
AS42387,Limited Company Svyazservice
AS42239,"Ltd. ""Cypher"""
AS42065,AO ElectronTelecom
AS41557,Drustvo za telekomunikaciski uslugi TELEKABEL DOOEL Stip
AS41330,T2 Mobile LLC
AS40993,MTS PJSC
AS4007,"Subisu Cablenet (Pvt) Ltd, Baluwatar, Kathmandu, Nepal"
AS39811,MTS PJSC
AS39785,"Axioma, LLC"
AS39642,Norlys Digital A/S
AS39232,Uninet LLC
AS38924,Trakia Kabel OOD
AS38623,Metfone (Viettel Cambodia)
AS37148,Globacom Limited
AS37009,"MTC - Mobile Telecommunications, Ltd."
AS37002,Reunicable SAS
AS36902,Intelvision Ltd
AS36149,"Hawaiian Telcom Services Company, Inc."
AS35032,"LLC SIP ""NIS"""
AS35000,"JSC ""Severen-Telecom"""
AS34814,Osnova-Internet LLC
AS34296,Millenicom Telekomunikasyon Hizmetleri Anonim Sirketi
AS34170,Aztelekom LLC
AS33653,"Comcast Cable Communications, LLC"
AS31404,LYCATEL DISTRIBUTION UK LIMITED
AS31287,IPACCT CABLE Ltd
AS30992,MTN Network Solutions (Cameroon)
AS30868,"JSC ""ER-Telecom Holding"""
AS30784,Iskratelecom JSC
AS30764,PODA a.s.
AS29492,Eidsiva Bredband AS
AS28146,MHNET TELECOM
AS27983,Red Intercable Digital S.A.
AS27813,Teledifusora S.A.
AS263327,HTM Serviços de Telecomunicações EIRELI
AS25549,JSC Avantel
AS24852,UAB INIT
AS22689,SERCOMTEL S/A TELECOMUNICACOES
AS21365,MTS PJSC
AS21246,IPKO Telecommunications LLC
AS21219,"PRIVATE JOINT STOCK COMPANY ""DATAGROUP"""
AS21003,General Post and Telecommunication Company (GPTC)
AS20776,Outremer Telecom SAS
AS197248,Dravanet Co Ltd.
AS196705,Ardinvest LTD
AS17864,SK Broadband Co Ltd
AS17698,COMMUNITY NETWORK CENTER INCORPORATED.
AS17451,Biznet Networks
AS16019,Vodafone Czech Republic a.s.
AS15943,wilhelm.tel GmbH
AS15805,EPIC LTD
AS14615,"Comporium, Inc"
AS133612,Vodafone Australia Pty Ltd
AS133414,Foxtel Management Pty Ltd
AS132556,Blue Lotus Support Services Pvt Ltd
AS13194,"UAB ""Bite Lietuva"""
AS131591,Ambit Microsystem Corporation
AS13156,"NOWO COMMUNICATIONS, S.A."
AS13030,Init7 (Switzerland) Ltd.
AS12871,KPN B.V.
AS12455,Kenyan Post & Telecommunications Company / Telkom Kenya Ltd
AS12418,Quantum CJSC
AS11776,Breezeline
AS9845,LG HelloVision Corp.
AS9205,"""SATELIT SERVIS"" Ltd"
AS8427,Joint Stock Company TransTeleCom
AS8422,NetCologne
AS8416,Infoline Ltd.
AS7794,Execulink Telecom Inc.
AS7727,Hondutel
AS7438,PEGASO PCS
AS7057,Managed Network Systems Inc.
AS59815,Kompeatelecom Ltd.
AS59713,"JSC ""ER-Telecom Holding"""
AS59497,Buknet LLC
AS58678,Intech Online Private Limited
AS58079,Skynet Ltd
AS57888,Telesat d.o.o.
AS57422,Pautina.Net LLC
AS57093,Yalta-TV KOM Ltd.
AS57026,"JSC ""ER-Telecom Holding"""
AS56981,"JSC ""ER-Telecom Holding"""
AS56465,Therecom Ltd
AS56330,"JSC ""ER-Telecom Holding"""
AS54198,Videotron Ltee
AS53075,Holistica Provedor Internet Ltda
AS51032,LLC POWERNET
AS51004,Sakhalin Cable Telesystems Ltd
AS50821,Bredband2 Stockholms Stadsnaet AB
AS50596,Informatsionnye Tekhnologii LLC
AS50577,Intelsc Ltd.
AS50060,Annet Ltd.
AS49824,"PC ""Astra-net"""
AS49776,Gorset LLC
AS49455,Telia Norge AS
AS49368,DomoLAN Ltd.
AS49350,MTS PJSC
AS48149,Ivanteevskie telecommunicacii Ltd
AS4802,iiNet Limited
AS47586,Dmitriy V. Kozmenko
AS43940,MTEL d.o.o.
AS43793,PJSC Rostelecom
AS42892,PE Filimonov Boris Yurievich
AS42683,"JSC ""ER-Telecom Holding"""
AS42652,inexio Informationstechnologie und Telekommunikation Gmbh
AS42571,Blicnet d.o.o.
AS41820,New Information Systems PP
AS40945,SAT TELECOMMUNICATIONS LTD
AS39812,Closed Joint Stock Company Radiotelephone
AS39554,Nuuday A/S
AS38019,Tianjin Mobile Communication Company Limited
AS37564,Wirulink Pty Ltd
AS37315,Cipherwave
AS37061,Safaricom Limited
AS36908,Vodacom Tanzania Ltd
AS36493,FIBERNETICS CORPORATION
AS35706,Net at Once Sweden AB
AS35699,Adamo Telecom Iberia S.A.
AS35154,PJSC Rostelecom
AS34139,JSC DIVO
AS3308,Telia Company AB (Denmark)
AS3253,"PJSC ""Vimpelcom"""
AS32233,Persona Communications Inc.
AS31435,MEDICOM BULGARIA Ltd.
AS31224,PJSC MegaFon
AS31115,INTRED S.P.A.
AS30922,MTS PJSC
AS30793,Netia SA
AS30600,Metronet
AS29974,Wightman Telecom
AS29329,Resource-M LLC
AS29244,CETIN Bulgaria EAD
AS29194,MTS PJSC
AS29190,MTS PJSC
AS28665,Predlink Rede de Telecomunicções Ltda
AS28624,PROVEDORA CMA INTERNET LTDA
AS28548,izzi (Cablevision Mexico)
AS28343,Unifique Telecomunicações SA
AS28331,PaintWeb Internet Ltda
AS28201,Companhia Itabirana Telecomunicações Ltda
AS27984,Ver Tv S.A.
AS27882,Telefónica Celular de Bolivia S.A.
AS27839,Comteco Ltda
AS27831,Colombia Móvil
AS27738,Ecuadortelecom S.A.
AS27651,ENTEL CHILE S.A.
AS263276,BBG TELECOM LTDA
AS262928,DIRECTV COLOMBIA LTDA.
AS262673,VERO S.A
AS262468,Natel Telecom Ltda. - ME
AS262293,Sistema Oeste de Serviços LTDA
AS25668,Cipherkey Exchange Corp.
AS25515,PJSC Rostelecom
AS24689,JSC Rosin.telekom
AS24163,UNION BROADBAND NETWORK
AS24086,Viettel Corporation
AS23655,2degrees Networks Limited
AS21334,One Hungary Ltd.
AS197023,MTS PJSC
AS19331,Twin Lakes Telephone Cooperative Corporation
AS19165,Webpass Inc.
AS18822,Manquehuenet
AS17962,ShenZhen Topway Video Communication Co. Ltd
AS17839,LG HelloVision Corp.
AS17813,Mahanagar Telephone Nigam Limited
AS17222,MUNDIVOX DO BRASIL LTDA
AS15796,Salt Mobile SA
AS15547,netplus.ch SA
AS134762,CHINANET Liaoning province Dalian MAN network
AS132116,Ani Network Pvt Ltd
AS13189,Liden Data Internetwork AB
AS131178,"EZECOM CO., LTD."
AS131090,"CAT TELECOM Public Company Ltd,CAT"
AS12883,"PRIVATE JOINT-STOCK COMPANY ""FARLEP-INVEST"""
AS12829,Angel Soft OOD
AS12708,TalkTalk Communications Limited
AS12605,LIWEST Kabelmedien GmbH
AS12494,"OOO ""Post ltd"""
AS11976,Fidelity Communication International Inc.
AS11556,Cable & Wireless Panama
AS11081,United Telecommunication Services (UTS)
AS10094,Unified National Networks
AS10030,Celcom Axiata Berhad
AS9976,"Namincheon Brodcasting Co., Ltd."
AS9351,"ZTV CO.,LTD"
AS9051,IncoNet Data Management sal
AS8990,4iG Telecommunications Holding Zrt
AS8672,A1 Bulgaria EAD
AS8445,"SALZBURG AG fur Energie, Verkehr und Telekommunikation"
AS8163,Metrotel SA ESP
AS6702,"Science Production Company ""Trifle"" Ltd."
AS6700,BeotelNet-ISP d.o.o
AS63859,PT Eka Mas Republik
AS60966,Nikem Net Ltd.
AS60257,TalkTalk Communications Limited
AS60098,Filippov Aleksei Vladilenovich
AS58965,ANJANI BROADBAND SOLUTIONS PVT.LTD.
AS57293,AG Telekom MMC.
AS57044,"JSC ""ER-Telecom Holding"""
AS56724,Teleskan-Intercom Ltd
AS56089,OFFRATEL
AS56042,China Mobile communications corporation
AS52872,VOANET Telecomunicações Ltda.
AS52341,WOM S.A.
AS52043,"LLC ""Multiservice"""
AS51515,"Vega-Service, LLC"
AS50771,GigaLink Ltd.
AS50528,Turkiye Buyuk Millet Meclisi
AS50071,MTS PJSC
AS4922,Shenandoah Cable Television LLC
AS48728,Vodafone Qatar P.Q.S.C
AS48573,PHAETON PLUS d.o.o
AS48475,Closed Joint Stock Company Oskolnet
AS48323,PP Neiron Systems
AS4818,DiGi Telecommunications Sdn. Bhd.
AS47889,PE Gritcun Oleksandr Viktorovich
AS47203,Miranda-Media Ltd
AS46650,Columbus Communications Grenada Ltd.
AS46408,Columbus Communication St. Vincent and the Grenadines Ltd.
AS4540,SOGETEL INC
AS45177,Devoli
AS44963,Stavtelecom LLC
AS44943,Ramtel Ltd.
AS44941,ZAO Astrakhan Digital Television
AS44678,INKO Ltd.
AS44419,Kalasznet Kabel TV Kft
AS44257,MTS PJSC
AS44247,Videosat 21 Vek OOD
AS44087,"""BeST"" CJSC"
AS44030,Lentel Business Ltd.
AS43991,Voronezh Telecom LLC
AS43567,UG-TELECOM Ltd.
AS43182,ITT Ltd.
AS42975,Chiliy Valery Mykhaylovych PE
AS42864,Giganet Internet Szolgaltato Kft
AS42574,Novaya Sibir Plus Ltd.
AS42555,OPTICCOM- BULGARIA Ltd.
AS42459,Fiber Optics Bulgaria OOD
AS4230,Claro (Embratel)
AS42232,PARISAT Tavkozlesi es Szolgaltato Korlatolt Felelossegu Tarsasag
AS41929,Sistemy Svyazi Llc
AS41676,JMDI Jacek Maleszko
AS41560,UGMK-Telecom LLC
AS41349,Limited Liability Company MVM Technology
AS39735,"""Permtelecom"" Ltd"
AS39531,Alter-NET SRL
AS39529,Osipenko Alexander Nikolaevich
AS39065,Southern Telecommunication Company Ltd.
AS37447,ORANGE RDC
AS36998,Sudanese Mobile Telephone (ZAIN) Co Ltd
AS35725,TELEKOM ROMANIA MOBILE COMMUNICATIONS S.A.
AS35244,Tele Columbus AG
AS35047,Abissnet sh.a.
AS35004,"Branch Enterprise ""Netgroup-Service"""
AS34867,Cosmonova LLC
AS34629,"""Resurs-Svyaz"" Ltd"
AS34577,SKAT TV Ltd.
AS33991,Igra-Service LLC
AS33894,MTS PJSC
AS33874,Epic Communications Limited
AS31510,Innsbrucker Kommunalbetriebe AG
AS31499,Ekaterinburg-2000 LLC
AS31246,"O2 Czech Republic, a.s."
AS30985,Orange Mali SA
AS30873,Public Telecommunication Corporation
AS29667,Atlantis Net Ltd.
AS29031,Lugansk Telephone Company
AS29030,TELECABEL PLC
AS28668,Desktop Sigmanet Comunicação Multimídia SA
AS28649,Desktop Sigmanet Comunicação Multimídia SA
AS28634,Life Tecnologia Ltda.
AS28554,Cablemas Telecomunicaciones SA de CV
AS28403,"RadioMovil Dipsa, S.A. de C.V."
AS28270,Videomar Rede Nordeste S/A
AS28191,Jupiter Telecomunicacoes e Informatica Ltda
AS28186,ITS TELECOMUNICACOES LTDA
AS28075,ARLINK S.A.
AS27951,Media Commerce Partners S.A
AS27668,ETAPA EP
AS27653,Alpha Communications Network
AS26827,EPB Fiber Optics
AS263990,FASTNET COMUNICACAO EIRELI - ME
AS262753,VOCE TELECOMUNICACOES LTDA
AS25211,"""Euro Crypt"" EOOD"
AS24904,K-NET SARL
AS24750,MyAcct LTD
AS24739,"JSC ""Severen-Telecom"""
AS24685,Load.me sp. z o. o.
AS24033,Australian Private Networks Pty Ltd
AS23956,AmberIT Limited
AS22423,Altima Telecom
AS21804,Access Communications  Co-operative Limited
AS21483,"PJSC ""Vimpelcom"""
AS21310,Satellite Ltd
AS21107,Blicnet d.o.o.
AS21050,Fast Communication Company Ltd
AS207144,SOFCOMPANY Ltd
AS204161,Alexey Geiner
AS203730,SVIAZINVESTREGION LLC
AS201952,LTD AtelRybinsk
AS199995,Omega Telecom LLC
AS197897,5KOM OOD
AS1955,KIFU (Governmental Info Tech Development Agency)
AS19397,"ACN Communication Services, LLC"
AS18429,"Extra-Lan Technologies Co., LTD"
AS17854,SK Broadband Co Ltd
AS17853,LGTELECOM
AS17754,Excellmedia
AS17534,"NSK Co.,Ltd."
AS17483,CityOnline Services Ltd
AS16960,"Cablevision Red, S.A de C.V."
AS16333,Company for communications services A1 Makedonija DOOEL Skopje
AS16301,PJSC Rostelecom
AS15706,Sudatel Telecom Group
AS15659,NextGenTel AS
AS15640,MTS PJSC
AS15493,"""Russian company"" LLC"
AS15457,"NOS Madeira Comunicacoes, S.A."
AS14051,"Consolidated Communications, Inc."
AS136027,Sheikh Shahnawaz Ahmed
AS133866,U-Turn Technologies
AS133720,Zess Networks Private Limited
AS133275,Gigantic Infotel Pvt Ltd
AS133001,Airnet Cable And Datacom Pvt Ltd
AS132770,Gazon Communications India Limited
AS132497,DIGITAL NETWORK ASSOCIATES PRIVATE LIMITED
AS13091,JP Posta Srbije Beograd
AS12570,"O2 Czech Republic, a.s."
AS11666,Nexicom Inc.
AS11139,Cable & Wireless Dominica
AS10164,SK Broadband Co Ltd
AS9981,Saero Network Service LTD
AS9971,SK Broadband Co Ltd
AS9694,Seokyung Cable Television Co.. Ltd.
AS9676,SaveCom Internation Inc.
AS9260,Multinet Pakistan Pvt. Ltd.
AS8781,Ooredoo Q.S.C.
AS8779,KhmelnitskInfocom LTD
AS8752,"AO ""ASVT"""
AS8737,KPN B.V.
AS8595,OOO WestCall Ltd.
AS8339,kabelplus GmbH
AS8301,Gibtelecom Ltd.
AS8014,Bahamas Telecommunications Corporation
AS6614,"UNITED STATES CELLULAR TELEPHONE COMPANY (GREATER KNOXVILLE), L.P."
AS6389,"AT&T Enterprises, LLC"
AS62423,"JSC ""ER-Telecom Holding"""
AS62347,MTS PJSC
AS61360,"Special Engineering and Design Bureau ""Orbita"" JSC"
AS61240,Skynet-2010 Ltd.
AS60404,The Infrastructure Group B.V.
AS60202,Kivi TV Ltd.
AS59382,Antaranga Properties Ltd
AS59127,Newmedia Corporation
AS58717,Summit Communications Ltd
AS58230,INTELCOM LTD
AS57847,CHAIKOF Ltd.
AS57800,Cadr-TV LLE TVRC
AS56791,CityTelekom Ltd.
AS56668,FOP Demchuk Sergiy Olexandrovuch
AS56361,Orgtechservice Ltd
AS5588,T-Mobile Czech Republic a.s.
AS5578,"SWAN, a.s."
AS55577,"Atria Convergence Technologies Ltd.,"
AS55492,Dhaka Fiber Net Limited
AS55352,Microscan Internet Limited
AS5438,Agence Tunisienne d'Internet
AS53508,Cablelynx
AS53072,INETVIP TELECOM LTDA
AS53059,Center Prestadora Serviços S/C Ltda
AS52233,Columbus Communications Curacao NV
AS52180,Nikolay Victorovich Kucheruk PE
AS52026,TRUF d.o.o.
AS52015,Dancer LLC
AS51669,Home Computer Networks ltd.
AS51522,ONLINE LLC
AS51375,STC BAHRAIN B.S.C CLOSED
AS51273,FOP Lizanchuk Yaroslav M.
AS50949,Agronet LLC
AS50685,United Networks Ltd.
AS50406,MTS PJSC
AS50181,KabelszatNet-2002. Musoreloszto es Kereskedelmi Kft.
AS50174,Intexcom OOO
AS50130,FOP Samoilenko Igor Olegovich
AS50010,Omani Qatari Telecommunication Company SAOC
AS49893,Bitrace telecom Ltd.
AS49779,Joint-Stock Company Investpribor
AS49717,ASTRA TELEKOM DOO BEOGRAD
AS49325,Kvartal Plus Ltd
AS49301,Joint Stock Company TransTeleCom
AS49136,Telecommunication networks Ltd
AS49129,LTD CGC Co
AS48945,OPEN FIBRE NETWORKS (WHOLESALE) LIMITED
AS48882,Optima-Shid LLC
AS48695,Etihad Atheeb Telecom Company
AS48683,Bilink LLC
AS48438,Corbina Telecom Llc.
AS48437,"PP ""Merezha"""
AS48354,CityLink Ltd
AS48320,KETIS Ltd.
AS48166,FORTEX CJSC
AS48000,MTS PJSC
AS47759,POIG Ltd.
AS47694,Level-MSK Ltd.
AS47402,Multimedia BG EOOD
AS47232,ISP Alliance a.s.
AS47169,MVM NET Zrt.
AS47119,"JSC ""Ufanet"""
AS47118,MAN net Ltd.
AS46687,"BCI Mississippi Broadband,LLC"
AS45960,YTL COMMUNICATIONS SDN BHD
AS45766,Triangle Services Limited.
AS45650,VIA NET COMMUNICATION LTD.
AS45528,Tikona Infinet Ltd.
AS45007,VIPNET PRIM Ltd
AS44710,TRK Sirius LTD
AS44270,TC TOR LLC
AS44020,Modern Solutions LTD
AS43714,Production co-operative Economic-legal laboratory
AS43554,Cifrovye Dispetcherskie Sistemy LLC
AS43314,"JSC ""ER-Telecom Holding"""
AS43038,MTS PJSC
AS42925,Internet Rimon LTD
AS42765,EXCELLENT SIGNALMAN LLC
AS42580,"NOS ACORES COMUNICACOES, S.A."
AS42431,BiConsult Eood
AS42277,Limited liability company Kursktelecom
AS42248,Vida optics TVV Ltd.
AS42038,Krivets Sergey Sergeevich
AS4134,China Telecom Backbone
AS59282,PT Giga Patra Multimedia
AS49770,Internetport Sweden AB
AS50673,Serverius Holding B.V.
AS29485,A1 Hrvatska d.o.o.
AS28972,"M-SOFT, spol. s r.o."
AS24206,Channel-11
AS133838,PT Infotek Global Network
AS18747,IFX Corporation
AS48526,Proximus Luxembourg S.A.
AS267818,OPTVE TELECOMUNICACIONES SpA
AS35179,Korbank S. A.
AS38932,Rimex Ltd.
AS7843,Charter Communications Inc
AS13101,TNG Stadtnetz GmbH
AS24889,Monzoon Networks AG
AS1836,green.ch AG
AS21232,Genossenschaft GGA Maur
AS20634,Telecom Liechtenstein AG
AS8758,Iway AG
AS34288,Kantonsschule Zug
AS54133,UnmeteredInternet.com
AS81,MCNC
AS56575,Stanislaw Nowacki trading as TEPSANET NOWACCY Sp. J.
AS64429,DDS Service LLC
AS210278,Sky Italia srl
AS52697,Dominioz Servicos de Telecomunicacoes Ltda
AS205998,Skytel LLC
AS21725,Ritter Communications
AS202279,"STATE UNITARY ENTERPRISE OF THE DONETSK PEOPLE'S REPUBLIC ""REPUBLICAN TELECOMMUNICATIONS OPERATOR"""
AS10214,Pentanet Limited
AS38067,Radiant Communications Limited
AS137403,SALTSYNC
AS269416,SEMEAR TELECOM EIRELI
AS268145,IPV7 SERVICOS DE TELECOMUNICACOES BRASIL LTDA
AS34887,Information Technology Center of the Republic of Tatarstan GUP
AS396238,City of Fairlawn DBA FairlawnGig
AS268551,DMC TELECOM
AS42541,Fiberby ApS
AS204274,AURA Fiber A/S
AS8273,Norlys Digital A/S
AS206920,Glentevejs Antennelaug
AS60876,Capexconnect ApS
AS204151,EWII Bredbaand A/S
AS41802,Limited Liability Company Kvidex-Telecom
AS268810,BAIANA NET TELECOM LTDA
AS269245,Cabo Fibra Telecom
AS25135,Vodafone Limited
AS28398,INTERNET TELEFONIA Y TV DE MICHOACAN SA DE CV
AS268550,Campos Gerais Telecom
AS8897,KCOM GROUP LIMITED
AS268053,ONLINE PROVEDOR DE INTERNET
AS270717,LUCAS MORO GONCALVES COMUNICACAO MULTIMIDIA EIRELI
AS136255,Mytel Myanmar
AS268068,InfoServ-NET
AS270928,Linked Web
AS139300,FUTURE NETWORK
AS35467,DDFR IT Infra & Security B.V.
AS58969,Kerala Communicators Cable Limited
AS37317,AccessGlobal Communication (Pty) Ltd
AS271302,TURBONET FIBRA
AS134697,Launtel
AS263651,Rede Brasil Fibra
AS12850,Retelit Digital Services S.p.A.
AS12496,Infinity Developments Limited
AS42184,TKRZ Stadtwerke GmbH
AS25577,BE DC Connect UK Limited
AS36890,MTN Rwandacell
AS31655,Gamma Telecom Holdings Ltd
AS51561,ICUK Computing Services Limited
AS136644,Unborn Networks Private Limited
AS45588,"Bangladesh Telecommunications Company Limited (BTCL), Nationwide PSTN Operator and Data and Internet Service Provider."
AS327745,WiFibre Pty Ltd
AS201798,Bogons Ltd
AS13280,Three Ireland (Hutchison) limited
AS206366,Rural Telecom SL
AS262659,America-NET Ltda.
AS37461,ORANGE GUINEE
AS267381,SLIM FIBRA DO BRASIL
AS38195,Superloop
AS11708,"City of North Kansas City, MO"
AS13342,Bardstown Internet Service Inc
AS16302,Suomi Communications Oy
AS56329,Gigaclear Limited
AS199082,Razavi Information and communication technology company Plc
AS262713,LIDERI TELECOM
AS328316,Point d'Atterissement Virtuel - Burkina Faso
AS138575,APPLE NET
AS139026,Shadhinota Net
AS31685,"TOV Teleradiocompany ""TIM"""
AS52439,Banda Ancha
AS141137,PT Media Cepat Indonesia
AS39699,Lounea Palvelut Oy
AS271202,NavegNet Telecom 
AS20712,Andrews & Arnold Ltd
AS37559,Orange Bissau
AS37385,Societe Nigerienne des Telecommunications (SONITEL)
AS36963,Orange Botswana (PTY) Ltd
AS44874,Park Broadband Limited
AS8437,Hutchison Drei Austria GmbH
AS328126,Orange Tunisie
AS56665,Proximus Luxembourg S.A.
AS25098,Netcalibre Ltd
AS395853,NYC Mesh Inc.
AS30999,Emtel
AS12552,GlobalConnect (IP-Only)
AS267452,CABONNET INTERNET LTDA
AS209863,PROLVL Ltd.
AS268563,LIGNET SERVICOS DE COMUNICACAO MULTIMIDIA EIRELI
AS40760,TelAlaska
AS141285,Octel Network
AS267202,LIFE NETWORKS COMUNICACAO.
AS33567,Econet Telecom Lesotho (PTY) LTD
AS328638,Letaba Wireless Internet CC
AS328474,Jebo Connect Pty Ltd
AS328471,HERO TELECOMS (PTY) LTD
AS328137,Web Squad Connect (Pty) Ltd
AS328576,Surf4Life Pty (LTD)
AS327761,Access Point Technologies cc
AS37640,Cape Connect Internet
AS6539,Bell Canada
AS265398,nobre telecom ltda
AS50316,Net Global Srl
AS4755,TATA Communications (formerly VSNL)
AS50973,Vodafone Albania Sh.A.
AS328178,Vinet Internet Solutions
AS48847,WAVES S.A.L
AS4809,China Telecom Next Generation Carrier Network
AS328578,KEMNET TECHNOLOGIES LIMITED
AS197793,Gigabit LLC
AS265641,TELECOMUNICACIONES ROCARLI C.A (CIX BROADBAND)
AS9929,CHINA UNICOM Industrial Internet Backbone
AS9394,China TieTong Telecommunications Corporation
AS138024,ERR_AS_NAME_NOT_FOUND
AS396503,WestConnect Communications
AS140080,A1 Cyberlink BD
AS212193,VIVA INTERNET LIMITED SIRKETI
AS29447,Iliad Italia S.p.A
AS135000,Fiber Link BD
AS28513,UNINET
AS136714,Stampede Communications Pvt. Ltd.
AS15366,DNS:NET Internet Service GmbH
AS398113,Gateway Fiber LLC
AS32204,KPU Telecommunications
AS264491,SONIK SERVIÇOS DE COMUNICAÇÃO LTDA
AS264814,BITRED GROUP SPA
AS203568,Airband Community Internet Ltd
AS263693,WICORP SA
AS266768,ALKON SAS
AS7922,"Comcast Cable Communications, LLC"
AS267758,FIBERNET CHILE TELECOMUNICACIONES SpA
AS201290,BlackGATE B.V.
AS137872,China Mobile Hong Kong Company Limited
AS201153,"AVATEL TELECOM, SA"
AS17957,SOUTH TOKYO CABLETELEVISION
AS33941,GConnect Technology Ltd
AS264056,ULI TELECOM LTDA
AS31549,Aria Shatel PJSC
AS142045,Fiber Link
AS33044,Megawire Inc.
AS27017,Ziply Fiber (Northwest Fiber)
AS140930,Pabna Cable Vision Dot Net
AS141945,PT Hydra Media Indonesia
AS19115,Charter Communications LLC
AS139084,DIGITAL IMMORTALITY PTY LTD
AS135887,Belong (Telstra Limited)
AS38493,Royal Green Online Ltd
AS15879,Vancis IP B.V.
AS50620,Blue Networks Technologies SARL
AS28263,Ensite Brasil Telecomunicações Ltda - ME
AS61816,NetPower Telecomunicações
AS263906,SE-CONNECT INTERNET BANDA LARGA LTDA ME
AS45345,Nautile
AS59605,Zain Global
AS13182,Made Network Srl
AS209002,Blackberry Capital Limited LLC
AS135328,Tangelo
AS268936,MAXIMUS INFORMATICA LTDA ME
AS262732,Sygo Internet
AS141056,PT IOSYS Media Data
AS42227,Airwire Ltd
AS137416,Netpark Communication
AS211785,TechLabItalia s.r.l.
AS142419,Sndc Communication
AS58299,Openfactory GmbH
AS134134,Western ICT Solutions Services
AS52601,FAXT Telecomunicações Ltda.
AS17557,Pakistan Telecommunication Company Limited
AS197207,Hamrahe Avval (Mobile Communication Company of Iran)
AS24203,PT XL Axiata Tbk
AS29465,MTN NIGERIA Communication limited
AS36935,Vodafone Egypt
AS4775,Globe Telecoms
AS327712,Telecom Algeria
AS9038,Batelco Jordan
AS33779,Wataniya Telecom Algerie
AS16135,TURKCELL ILETISIM HIZMETLERI A.S.
AS36873,Airtel Networks Limited
AS15897,Vodafone Telekomunikasyon A.S.
AS8697,Jordan Telecommunications PSC
AS37069,The Egyptian Company for Mobile Services (Mobinil)
AS328309,Globacom Limited
AS20978,TT Mobil Iletisim Hizmetleri A.S
AS45356,Mobitel Pvt Ltd
AS12975,Palestine Telecommunications Company (PALTEL)
AS9988,Myanma Posts and Telecommunications
AS206206,Kurdistan Net Company for Computer and Internet Ltd.
AS58322,Hala Al Rafidain Company for Communications and Internet LTD.
AS17882,UNIVISION LLC
AS63526,Systems Solutions & development Technologies Limited
AS56167,Ufone
AS131445,Advance Wireless Network
AS37424,SPACETEL BENIN SA
AS21277,Allay Nawroz Telecom Company for Communication/Ltd.
AS15975,Hadara Technologies Private Shareholding Company
AS327885,Viettel Tanzania PLC
AS36926,Airtel Networks Kenya Limited
AS37035,MIC TANZANIA LTD
AS37287,Zain Zambia PLC
AS37075,Airtel Uganda Limited
AS136969,KK Networks (Pvt) Ltd.
AS29247,Ote SA (Hellenic Telecommunications Organisation)
AS45925,ASN For Teletalk Bangladesh Ltd.
AS17670,PT MNC Kabel Mediacom
AS37133,Airtel Tanzania
AS37371,Hormuud Telecom Somalia INC
AS24378,Total Access Communication PLC.
AS37030,Airtel Ghana Limited
AS37190,Atlantique Telecom (Cote d'Ivoire)
AS59989,T.H. Global Vision SARL
AS136525,Wancom (Pvt) Ltd.
AS37649,SAGA AFRICA HOLDINGS LIMITED
AS138655,Trans World Enterprise Services (Private) Limited
AS328200,Al Madar Al Jadeed Joint Stock Company
AS6306,"TELEFONICA VENEZOLANA, C.A. (Movistar)"
AS38999,Mobile Interim Company no.2 sal
AS28469,AT&T COMUNICACIONES DIGITALES S DE RL
AS38565,Ncell Pvt. Ltd.
AS57513,Mobile interim company 1 S.A.L.
AS26611,COMCEL S.A.
AS201749,SUPER CELL NETWORK FOR INTERNET SERVICES LTD
AS51407,Mada Al-Arab General Services Company
AS52262,Tigo Honduras
AS27773,MILLICOM CABLE EL SALVADOR S.A. DE C.V.
AS20294,MTN Uganda
AS137226,"ANGELES CITY CABLE TELEVISION NETWORK, INC."
AS139831,DITO TELECOMMUNITY CORP.
AS198589,Al-Jazeera Al-Arabiya Company for Communication and Internet LTD
AS205714,Telemach Hrvatska d.o.o.
AS132045,Dialog Axiata Plc
AS132061,Realmove Company Limited
AS37342,"Movitel, SA"
AS135478,PT Cyberindo Aditama
AS12716,A1 Bulgaria EAD
AS9873,"Lao Telecom Communication, LTC"
AS37164,Orange (SL) Limited
AS9231,China Mobile Hong Kong Company Limited
AS205889,Giga Nineveh for internet services Ltd
AS137449,SKYNET CHOWMUHANI
AS63969,Race Online Limited
AS327934,SOCIETE NATIONALE DES TELECOMMUNICATIONS (Tunisie Telecom)
AS21271,Sotelma Mali
AS265540,"ALTAN REDES, S.A.P.I. de C. V."
AS58689,ICC Communication
AS131111,PT Mora Telematika Indonesia Tbk
AS131267,Unitel Laos
AS137453,Orange Bangladesh
AS39010,TerraNet sal
AS29544,Mauritanian Telecommunication Company
AS55805,MobiCom Corporation
AS52468,UFINET PANAMA S.A.
AS27800,Digicel Trinidad and Tobago Ltd.
AS62419,I.Q Online for Internet Services and Communications LLC
AS131429,MOBIFONE Corporation
AS203217,Horizon Scope Mobile Telecom WLL
AS17976,CellCard
AS12361,VODAFONE-PANAFON HELLENIC TELECOMMUNICATIONS COMPANY SA
AS205473,SAWAD LAND for Information Technology Ltd
AS51684,ASIACELL COMMUNICATIONS PJSC
AS140732,THE INFINITY BROADBAND (PVT) LIMITED
AS138754,Kerala Vision Broad Band Private Limited
AS55699,PT Cemerlang Multimedia
AS21497,Vodafone Ukraine
AS43824,Masco Group LLC
AS16116,Pelephone Communications Ltd.
AS10396,"DATACOM CARIBE, INC."
AS45543,SaiGon Tourist cable Televition Company
AS205254,Valin Company for General Trading and Communication LTD
AS44217,IQ Networks for Data and Internet Services Ltd
AS133287,Andhra Pradesh State FiberNet Limited
AS17079,Telemovil El Salvador S.A.
AS138482,Skyview Online Ltd
AS132447,Hutch Sri Lanka
AS135300,"Myanmar Broadband Telecom Co., Ltd"
AS24550,Websurfer Nepal Internet Service Provider
AS132298,Antaranga Dot Com Ltd
AS133661,Netplus Broadband Services Private Limited
AS37136,ETISALAT BENIN
AS27896,"All America Cables & Radio/Centennial Dominicana"
AS57704,SpeedClick for Information Technology and Communication Ltd
AS21183,Vodafone Albania (fka. Abcom)
AS22884,TOTAL PLAY TELECOMUNICACIONES SA DE CV
AS37531,Airtel Niger
AS35228,o2 (Telefonica UK)
AS37119,UNITEL SA
AS35197,Virtual ISP s.a.l.
AS37076,Emerging Markets Telecommunication Services (EMTS) Limited
AS17924,SmarTone Mobile Communications Ltd
AS262197,MILLICOM CABLE COSTA RICA S.A.
AS206067,Hutchison 3G UK Limited
AS55915,Classic Tech Pvt. Ltd.
AS327708,Airtel Rwanda Ltd
AS29310,JAWWAL
AS206262,TelKos L.L.C
AS58715,EARTH TELECOMMUNICATION (Pvt) LTD.
AS328297,QCell (SL) Limited
AS55944,Ooredoo Maldives Plc
AS58504,TECHMINDS NETWORKS PVT. LTD.
AS23243,COMCEL GUATEMALA S.A.
AS9605,"NTT DOCOMO, INC."
AS134773,CHINANET Guangdong province Guangzhou MAN network
AS37196,Sudatel Senegal
AS24323,aamra networks limited
AS14709,Cable Onda
AS41202,UNITEL LLC
AS38442,Vodafone Fiji Limited
AS37410,Lonestar Communications Corporation
AS45905,Stargate Communications Ltd.
AS134707,RoyalCable Flash
AS32133,Ting Fiber Inc.
AS135772,POWERNET
AS147066,FASTTEL BROADBAND (PRIVATE) LIMITED
AS142307,PT CYB Media Group
AS138346,Sajid Trading Ltd.
AS131464,Digi Jadoo Broadband Ltd
AS21575,ENTEL PERU S.A.
AS141342,FIBERISH (PVT) LTD
AS10219,Skymedia Corporation
AS38322,TM TECHNOLOGY SERVICES SDN. BHD.
AS49273,ucell Uzbekistan
AS132480,Netze Telecom (Private) Limited
AS262210,VIETTEL PERÚ S.A.C.
AS33983,ARTMOTION SH.P.K.
AS59588,Zain Iraq
AS328286,Libyana Mobile Phone Company JSC
AS44213,New Star Max
AS262537,DataSafeIT Solucoes em Tecnologia
AS7470,"TRUE INTERNET Co.,Ltd."
AS264126,SIX INTERNET LTDA
AS135756,VPS Broadband And Telecommunications Pvt Ltd
AS271689,AGE TELECOMUNICAÇÕES LTDA.
AS139042,Speed Links
AS134113,Millennium Computers & Networking
AS11994,Cruzio
AS3225,Bonline aka GULF communications
AS60377,toob limited
AS22070,"Blue Ridge Websoft, LLC"
AS141023,HG TELECOMMUNICATION PRIVATE LIMITED
AS51685,Mikron-Media LLC
AS147224,WSNL BROADBAND PRIVATE LIMITED
AS60036,Voneus Ltd
AS138311,Limerick Technologies Pvt Ltd
AS61337,Single Mode Networks Ltd
AS8920,JSC RTComm.RU
AS16904,Arvig Enterprises Inc.
AS9583,Sify Limited
AS141731,Max Hub Limited
AS265625,Jafica Telecomuniciones SAS de CV
AS59239,iTel Limited
AS138505,DNSBD
AS139009,Windstream Communication Limited
AS134371,CIRCLE NETWORK BANGLADESH
AS44764,Bitpro
AS138150,Salim Khan & Milon Raihan
AS10423,STELLAR Broadband
AS60928,Fiberservice LLC
AS267521,ULTRANET NETWORK
AS41495,Faelix Limited
AS12611,R-KOM Regensburger
AS206238,Freedom Internet BV
AS41039,"Timer, LLC"
AS41232,Beeline Broadband Ltd
AS60255,Internetty Ltd
AS10099,China Unicom Global
AS208189,AllPoints Fibre Networks Limited
AS138910,Aero Cable
AS141431,Call 2 Phone Private Limited
AS140994,Gigawave Communications
AS9341,PT Indonesia Comnets Plus
AS28036,Telefonia Celular de Nicaragua SA.
AS27995,ERR_AS_NAME_NOT_FOUND
AS328250,Golis Telecom Somalia
AS28545,Cablemas Telecomunicaciones SA de CV
AS10118,Hutchison Telephone Company Limited
AS37563,SOMTEL INTERNATIONAL Ltd
AS134674,TATA PLAY BROADBAND PRIVATE LIMITED
AS37473,Telesom
AS37154,Zambia Telecommunications Company Ltd aka ZAMTEL
AS59625,Korek Telecom Company for Communications LLC
AS37440,Airtel Malawi Ltd
AS328469,Somtel Somalia LTD
AS45558,Myanmar Posts and Telecommunications 
AS37524,Africell Gambia
AS27672,SERVICIO Y EQUIPO EN TELEFONÍA INTERNET Y TV S.A. DE C.V.
AS204170,Awaser Oman LLC
AS15617,Nova Telecommunications & Media Single Member S.A
AS31452,ZAIN BAHRAIN B.S.C.
AS262202,"Telefonica de Costa Rica TC, SA"
AS42082,"JSC ""Silknet"""
AS41030,Jaroslav Novotny (Net Open)
AS198440,AllPoints Fibre Networks Limited
AS208687,AllPoints Fibre Networks Limited
AS141565,Puravi Elite Technologies Pvt. Ltd.
AS202596,G.Network Communications Limited
AS40328,AcenTek
AS207995,Lightning Fibre Ltd
AS262494,Virtex Telecom
AS269018,FIBER NET LTDA - ME
AS17917,Quadrant Televentures Limited
AS16316,TMT GmbH & Co. KG
AS204731,Persimmon Homes Ltd.
AS53703,KwiKom Communications
AS202282,FIBRUS NETWORKS LTD
AS131275,Logon Broadband Pvt. Limited
AS9230,Bangladesh Online Ltd.
AS33788,Kanar Telecommunication (Canar Telecom Co.Ltd)
AS35091,"Teledata, Ghana"
AS37037,Orange Madagascar
AS25585,Kencomp Internet Ltd
AS206509,KCOM GROUP LIMITED
AS264628,The Houses Television C.A. (ConexTELECOM/Fibex Telecom)
AS34953,RelAix Networks GmbH
AS60294,Deutsche Glasfaser Wholesale GmbH
AS12897,ENTEGA Medianet GmbH
AS62336,PURtel.com GmbH
AS53003,EVOLUNET PROVEDORA DE INTERNET LTDA PE
AS32582,"600Amps Internet Services, Inc."
AS39484,Pirkan Opiskelija-asunnot Oy
AS39857,Aalto University Student Union
AS13045,htp GmbH
AS50629,LWLcom GmbH
AS17806,Mango Teleservices
AS395662,"OzarksGo, LLC"
AS42885,Paraisten Puhelin Oy
AS199087,KaseNet oy
AS39878,Peter Rauter GmbH
AS393278,Electric Plant Board of the city of Franklin Kentucky
AS203817,Kuhmon kyläverkko-osuuskunta
AS35540,OVH Telecom (OVH SAS)
AS140726,China Unicom AnHui Province Network
AS202208,teutel GmbH
AS133613,MTel telecommunication company ltd.
AS48492,I.Q Online for Internet Services and Communications LLC
AS23473,PAVLOV MEDIA INC
AS212655,YouFibre Limited
AS8818,Tusass A/S
AS142356,PT Aderani Multi Akses
AS138551,Skyinfo Online
AS13347,Midwest Cable
AS9136,WOBCOM GmbH
AS198726,Thuega SmartService GmbH
AS398721,OXIO
AS212756,SAFAA OTHMAN ABDULQADER
AS269272,NEWNET TECNOLOGIA E PROJETOS LTDA
AS57279,Sauron CZ s.r.o.
AS37349,Aptus Solutions Ltd
AS49163,Kabel-TV Amstetten GMBH
AS7420,Zamnet
AS149335,PT Gogiga Media Teknologi
AS210490,FOP Matishynets Serhii
AS396969,Strada Communications L.L.C.
AS134146,SAM ONLINE
AS149863,D TAJ ONLINE
AS263661,Brasil Digital Telecom
AS44735,Nova hf
AS204989,Rekers Digitaltechnik Beteiligungsgesellschaft mbH trading as Rekers Digitaltechnik GmbH & Co.KG
AS44180,ETN Internet GmbH & Co. KG
AS149445,Patriot Technologies
AS61716,Central Telecom
AS44134,BOLIGNET A/S
AS265010,Connect Telecom
AS135697,Tachyon Communications Pvt Ltd
AS51809,BRSK Limited
AS135806,Kalpavruksha Communication Services Pvt.ltd
AS267567,Radiun Servicos de Provedor de Internet Ltda
AS54182,Bell Canada
AS329029,Mymanga Networks
AS141077,PT Smart Teknologi Utama
AS199508,S1 Networks Oy
AS51935,BLC Telecom Oy
AS24751,Jakobstadsnejdens Telefon Ab
AS42621,LPOnet Osk Anl
AS199480,Alajärven Puhelinosuuskunta JAPO
AS207987,EM SISTEMAS INFORMATICOS Y TELECOMUNICACIONES DE MALLORCA SL
AS38182,Extreme Broadband
AS138528,"EMPIRE TECH Co., Ltd."
AS58424,Xinwei (Cambodia) Telecom
AS141105,PT Dapur Remaja Multi Sarana
AS138259,Manish Infocom Private Limited
AS12941,intersaar GmbH
AS200444,Glenn Haeger trading as GLH Netsolutions
AS204332,TKC system s.r.o.
AS135126,Occom Pty Ltd
AS149925,PT Sakti Wijaya Network
AS41273,Antenne Collective Ettelbruck ASBL
AS149359,PT Persada Data Multimedia
AS200736,MEDIANET INVEST AE
AS198722,1310 Limited
AS327901,Level 7 Wireless (Pty) Ltd
AS196655,Nivos Energia Oy
AS400220,PearlComm
AS141140,PT Jinde Grup Indonesia
AS19381,"Simply Bits, LLC"
AS270483,OVERNET FIBRA
AS22765,Nelsonville TV Cable Inc
AS64072,EVOLUTION NET (Internet Service Provider)
AS42965,net services Beteiligungsgesellschaft mbH trading as net services GmbH & Co. KG
AS53423,Brazos WiFi
AS197637,ropa GmbH
AS39122,Blacknight Internet Solutions Limited
AS140201,Rtel Internet Services Private Limited
AS269832,MDS TELECOM C.A.
AS58243,TELE AG
AS51319,KajoNet Oy
AS212751,Onorato Massimiliano trading as MAXIDEA SAS
AS200868,Kapalvæðing ehf
AS14979,Aeronet Wireless
AS22313,Supercable
AS11562,"Net Uno, C.A."
AS61461,Airtek Solutions C.A.
AS140607,Sign In (PVT) LTD
AS41114,ORNE THD SPL
AS150022,METAWAVES PVT LTD
AS397412,Tachus Fiber Internet
AS150683,FASTTEL BROADBAND (PRIVATE) LIMITED
AS141806,SANSOM NETTECH PVT LTD
AS328001,Satsoft cc
AS28048,Internet Para Todos - Gobierno de La Rioja
AS135839,Optical Broadband Communication Pvt. Ltd
AS271799,"TELERY NETWORKS, S.R.L"
AS272069,KONEX TELECOM S.R.L
AS201006,Kuuskaistan Palvelut Oy
AS201587,verkko-osuuskunta Kuuskaista
AS52056,Lounea (ex. Härkätien Puhelin)
AS21348,Lounea (ex. Etelä-Satakunnan Puhelin)
AS49826,Lounea (ex. Forssan Seudun Puhelin)
AS131958,"Tama Cable Network Co.,Ltd."
AS57794,ELLINIKA DIKTIA KALODION MEPE
AS203293,Norbert Herter trading as Regionetz.net
AS205844,Stadtwerke Schorndorf GmbH
AS21263,TeleData GmbH
AS134489,S. B Link Network
AS29413,KOMRO Gesellschaft fuer Telekommunikation mit beschraenkter Haftung
AS140644,Skylark Network
AS52999,START TELECOM LTDA
AS53001,NAXI TELECOMUNICACOES
AS266270,Central Net Telecom
AS140906,MAYA SOFT
AS265816,DELCO IMAGEN S.A.
AS26873,QCOL INC
AS266196,BRASCOM SOLUCOES E TECNOLOGIA LTDA ME
AS196954,Epcan GmbH
AS142559,Samz Broadband Networx ( SMC-PRIVATE ) LTD
AS25509,Hringiðan ehf / Vortex Inc
AS399240,"BLUE RIDGE INTERNET, L.L.C"
AS133334,DCTV Cable Network Broadband Services Inc
AS270703,Alltec Internet
AS10750,Mark Twain Rural Telephone Co.
AS27725,"Empresa de Telecomunicaciones de Cuba, S.A."
AS134968,Mizanur Rahman t/a Maya Cyber World
AS200119,Michael Jochen Korn
AS202613,Aruba S.p.A.
AS48814,Netbone Telekomunikasyon A.S.
AS208594,Netbone Telekomunikasyon A.S.
AS59514,PE Kucherenko V.V.
AS20912,Panservice s.a.s. di Cuseo Fabrizio & C.
AS199811,Wifx SA
AS135760,Speednet Unique Network Pvt Ltd
AS21743,Atlas Networks Corporation
AS328760,ZTEL PTY LTD
AS3695,SPM TELECOM (Orange)
AS266066,I9VA TELECOM EIRELI
AS271357,fibra digital Telecom eireli
AS328987,Lime Emerging Solutions Limited
AS263834,GESATEL / VILLA GESELL TELEVISION COMUNITARIA S.A.
AS272809,"THUNDERNET, C.A."
AS58273,Broadband for the Rural North Limited.
AS37482,Broadband Innovations
AS265093,PegaNet Telecom
AS27717,Corporacion Digitel C.A.
AS142364,PT Subnet Data Nusantara
AS140423,PT Chandra Media Nusantara
AS141664,PT Jaringan Inti Exadata
AS202246,Valoo Oy
AS141959,PT Arta Flash Sintesa Nusantara
AS141529,Vmps Internet Private Limited
AS142370,PT Master Star Network
AS134630,PT Palapa Global Nusantara
AS207017,Skywire ApS
AS198570,Stadtnetz Bamberg Gesellschaft fuer Telekommunikation mbH
AS208988,Buchholz Digital GmbH
AS41110,DSLmobil GmbH
AS16202,Tele Columbus AG (Pÿur / Pyur)
AS197704,24IT MEDIA Sp. z o.o.
AS138146,Mohammad SAHIDUL ISLAM
AS12414,Solcon Internetdiensten B.V.
AS49088,TELMEKOM SRL
AS327872,IBITS Internet (pty) Ltd
AS136342,Winux Communications Pvt. Ltd.
AS30848,UNIDATA S.p.A.
AS39120,Convergenze S.p.A.
AS9648,Australia On-Line Pty Ltd
AS42863,MEO - SERVICOS DE COMUNICACOES E MULTIMEDIA S.A.
AS51088,A2B IP B.V.
AS267809,360NET C.A.
AS141010,SAM ONLINE
AS273659,MLINK TELECOM LTDA
AS13781,Hopkinsville Electric System
AS132974,Suraj Network
AS150697,S N FIBER
AS206260,Svorka AS
AS13000,Leon Sp. z o.o.
AS13170,Kaisanet Oy
AS328442,United SA
AS271247,RS Sul Telecomunicações Ltda
AS57732,Ikaalisten-Parkanon Puhelin Osakeyhtio Ltd
AS201172,Suupohjan Seutuverkko Oy
AS8829,ElmoNet Oy
AS39194,Vakka-Suomen Puhelin Oy
AS34263,MPY Telecom Oy
AS42343,Karjaan Puhelin Oy
AS20904,Cinia Oy (fka. Netplaza)
AS202441,mts D.O.O
AS212897,JETNET KOMUNIKACIJE DOO
AS135746,Cityline Networks Pvt Ltd
AS22750,BCS Group (BCSNet)
AS11990,"Unlimited Net, LLC"
AS15474,Rannsókna- og háskólanet Íslands hf.
AS62809,Volt Broadband
AS9063,VSE NET GmbH
AS141073,PT Juragan Wifi Indonesia
AS14749,Russellville Electric Plant Board
AS40749,CLARKSVILLE DEPARTMENT OF ELECTRICITY
AS213281,Greenfiber Internet & Dienste GmbH
AS264573,GNEX LTDA
AS151620,AVEVA RESOURCE
AS64024,PT Yesi Media Utama
AS329174,Swift Broadband Limited
AS10242,US Internet Corp
AS327900,Simply Computers Tanzania Ltd
AS262880,RADAR WISP LTDA
AS268323,AZZA TELECOM SERVIÇOS EM TELECOMUNICAÇÕES LTDA
AS266920,Globofiber Telecom
AS50666,LigaT Telecom Sociedade Unipessoal LDA
AS267811,FRESH TECHS C.A.
AS394146,Tri City WiFi Corp.
AS137000,VIJAYALAKSHMI NET SERVICES PVT LTD
AS134090,Leaptel
AS14371,Paul Bunyan Communications
AS9498,Bharti Airtel Ltd.
AS207375,Fiber Operator B.V.
AS270577,NET TOP
AS150519,PT Harmonika Multimedia Sawangan
AS398143,Great Lakes Energy Connections Inc.
AS32329,"Another Corporate ISP, LLC"
AS7065,"Sonic.net, LLC"
AS208909,Gurbtec Iguana Telecom SL
AS262354,LIGUE MÓVEL S.A.
AS48346,Järventaustan Kyläkuituosuuskunta
AS208599,Lounea Palvelut Oy
AS131584,"Taiwan Intelligent Fiber Optic Network Co.,Ltd."
AS393429,Optic Loop Communications
AS53407,UTOPIA Fiber
AS36728,Emery Telcom
AS11525,NineStar Connect
AS55145,ECFiber
AS57359,Pyhänet Oy
AS400268,Pierce Pepin Cooperative Services
AS11114,Wintek Corporation
AS211597,Lit Fibre Group Ltd.
AS21949,Beanfield Technologies Inc.
AS48506,Metical SRL
AS206774,Internetnord AB
AS198293,CDIT GIGABYTE
AS395466,Global Net
AS269876,"SUMINISTROS PCWESTERN, CA (WestNet)"
AS269749,"NETCOM PLUS, C.A"
AS150501,PT Haci Telekomunikasi Indonesia
AS150279,PT Lintas Network Solusi
AS149723,PT Afna Digital Indonesia
AS204779,Local Loop Oy
AS271791,CABLE NORTE C.A. (Norte Conecta)
AS263703,VIGINET C.A (vnet)
AS6758,Monaco Telecom S.A.
AS269457,Axon Telecom
AS196714,Thueringer Netkom GmbH
AS268519,master net ltda-me
AS199284,Thueringer Netkom GmbH
AS51367,FOP Koshoviy Oleg Volodymirovich
AS132641,PT Netciti Persada
AS38511,PT Remala Abadi Tbk
AS142394,PT Cahaya Solusindo Internusa
AS209275,NETMAX TELEKOMUNIKASYON ILETISIM HIZMETLERI TICARET LIMITED SIRKETI
AS63072,SPYR Network Ltd
AS58821,PT Lintas Jaringan Nusantara
AS135477,PT Java Digital Nusantara
AS45305,PT Lintas Data Prima
AS4787,PT Cyberindo Aditama
AS23951,PT Jembatan Citra Nusantara
AS135810,Srk Network
AS141985,PT Argon Internet Amariqindo
AS328596,Mind the Speed (PTY) Ltd
AS149533,MRKR COMMUNICATIONS PRIVATE LIMITED
AS133283,FUTURE NETSANCHAR LIMITED
AS329360,iiNet Connect Pty Ltd
AS55701,PT Usaha Adi Sanggoro
AS138881,PT Indonesia Trans Network
AS138089,PT Global Media Data Prima
AS142366,PT Relabs Net Daya Cipta
AS150242,PT Kampung Dua Net
AS141461,PT MNC Kabel Mediacom
AS142382,PT Klinik Digital Indonesia
AS141921,PT Jaringan Keluarga Bersama
AS138828,PT Telio Inti Nusa
AS139967,PT Yasmin Amanah Media
AS38165,PT Ambhara Duta Shanti
AS134651,PT Yetoya Solusi Indonesia
AS131706,PT Selaras Citra Terabit
AS9657,PT Melvar Lintasnusa
AS38517,PT Bangsawan Cyberindo
AS9905,PT Link Net Tbk
AS140407,PT Kawan Informatika Teknologi Abadi
AS141081,PT Indo Access Semesta
AS135439,PT Adnet Media Indonesia
AS24532,PT Inet Global Indo
AS58396,PT Dewata Telematika
AS139428,PT Lexxa Data Indonusa
AS45701,PT Internet Madju Abad Milenindo
AS38527,PT Jawa Pos National Network Medialink
AS139972,PT Putra Lebak Banten
AS136119,PT Bali Towerindo Sentra Tbk
AS138818,Internet Ini Saja
AS138887,PT Adizka Lintas Data
AS58485,PT Wifian Solution
AS149881,PT Wikaplus Global Nusantara
AS133606,Viettel Timor Leste
AS133799,PT Gomeds Network
AS142386,PT Jaringan Lintas Artha
AS139981,PT Menaksopal Link Nusantara
AS64300,PT Jaringanku Sarana Nusantara
AS136873,PT Mega Artha Lintas Data
AS9228,PT Total Info Kharisma
AS24530,PT Power Telecom
AS263011,6P Telecom Ltda
AS137329,PT Artha Lintas Data Mandiri
AS139977,PT Prisma Media Nusantara
AS149689,PT Akm Link Net
AS141145,PT Giga Digital Nusantara
AS151522,PT Lintas Data Trans
AS138854,PT Inter Medialink Solusi
AS136844,PT Verbind Internet Solusindo
AS138860,PT Jaya Lintas Indonesia
AS139941,PT Riyad Network Multi Teknologi
AS38750,PT Telemedia Dinamika Sarana
AS150487,PT Nusantara Akses Telekomunikasi
AS149964,PT Mitracom Solusi Teknologi
AS135480,PT Arjuna Global Teknologi Indonesia
AS149712,PT Lingkar Kabel Telekomunikasi
AS45724,PT Multi Media Access
AS131773,PT Wisuandha Network Globalindo
AS133809,PT Artorius Telemetri Sentosa
AS150272,PT Golden Network Nusantara
AS138079,PT Fiqran Solusindo Mediatama
AS149903,PT Pandawa Lintas Media
AS45725,PT Kings Network Indonesia
AS45312,PT Media Lintas Data
AS140384,PT Bitniaga Cipta Gemilang
AS64029,PT Rama Wima Nusantara
AS137351,PT Djaya Sampoerna Net
AS142389,PT Inti Koneksi Intradata Indonesia
AS141626,PT Sandya Sistem Indonesia
AS24535,PT Insan Sarana Telematika
AS147101,PT Lintas Teknologi Solusindo
AS141642,PT Ring Media Nusantara
AS141607,PT Gayatri Lintas Nusantara
AS45786,PT Hawk Teknologi Solusi
AS63873,PT Mitra Akses Globalindo
AS138814,PT Telemedia Prima Nusantara
AS138143,PT Gerbang Akses Indonesia
AS136224,City Online Ltd.
AS329103,NINETEC SARL
AS8632,Luxembourg Online S.A.
AS150940,PT Mapalus Media Telekomunikasi
AS60670,WideFM Ltd
AS208972,GIBIRNet Iletisim
AS270412,VIP NET PROVEDOR DE INTERNET LTDA ME
AS59702,Junet AB
AS147154,PT Pass Internet Indonesia
AS132652,PT Cahaya Buana Raksa
AS138886,PT Data Buana Nusantara
AS58482,PT Palapa Media Indonesia
AS149749,PT Pratama Komunika Sejahtera
AS56233,PT Asia Teknologi Solusi
AS45722,PT Widya Intersat Nusantara
AS55679,PT Hyperindo Media Perkasa
AS23953,PT Artha Telekomindo
AS201838,Community Fibre Limited
AS134658,PT Julia Multimedia Nusantara
AS141935,PT Cipta Data Global
AS136479,Cyber Telecom ISP
AS152300,Sky Link Net
AS2728,"Gigsouth, LLC"
AS59280,PT Kaili Global
AS271102,Master Link Net - ME
AS139982,PT Buana Visualnet Sentra
AS134623,PT Digital Network Antanusa
AS19890,LONE PINE Communications
AS141049,PT Profesional Internet Indonesia
AS328266,Atomic Access
AS132637,PT Bina Informatika Solusindo
AS150257,PT Telindo Flash Mediatama
AS50576,FREEWAY Plus LLC
AS141600,PT Viriya Surya Abadi
AS58553,PT 3D Tech
AS150191,PT Sarana Intimedia Telematika
AS139951,PT Alfatih Indo Teknologi
AS132649,PT Adau Putra Network
AS138824,PT Gemilang Jaya Elektrindo
AS38778,PT Dutakom Wibawa Putra
AS138096,PT Informasi Nusantara Teknologi
AS55653,PT Skyline Semesta
AS9326,PT Centrin Utama
AS18103,PT Prestasi Piranti Informasi
AS141093,PT Media Data Lintas Nusantara Bersatu
AS20880,Tele Columbus AG
AS42905,LIMANET Ltd.
AS149419,A.A Networks PVT Ltd
AS138109,PT Rasi Bintang Perkasa
AS59149,PT Tujuh Delapan Sembilan Net
AS140482,PT Infrastruktur Digital Indonesia
AS31204,ORANGE MOLDOVA S.A.
AS268531,Anderson Paiva Alves ME
AS17884,PT Uninet Media Sakti
AS150972,PT Andal Berjaya Infomedia
AS38145,PT Panca Dewata Utama
AS147087,PT Jaringan Internet Banten
AS399503,Dice Carrier Services LLC
AS141767,C G Communications Pvt. Ltd
AS28432,"Telecable del Mineral, S. A. de C.V."
AS201962,Michael Rack
AS63980,Minara Firoz Infotech
AS142333,PT Triguna Akses Teknologi
AS55668,PT Jabar Telematika
AS138873,PT Green Net Indonesia
AS211309,Obos Nett AS
AS202969,RIPE NCC ASN block
AS141588,PT Natakarya Mediatama
AS138087,PT Java Medianet Tekhnologi
AS150517,PT Media Grasi Internet
AS211215,Fibernet Finland Oy
AS151757,WEONE BROADAND PRIVATE LIMITED
AS150187,PT Indo Teknologi Konstruksi
AS136065,PT Solusi Trimegah Persada
AS149915,PT Lintas Daya Nusantara
AS328888,ORCA TECHNOLOGIES (PTY) LTD
AS141067,PT Trisula Media Data
AS150034,FOFO NETWORKS PVT LTD
AS9937,Delta Networks
AS397732,"Net Vision Communications, LLC"
AS139365,PT Patria Lintas Jaya
AS138112,PT Megarap Mitra Solusi
AS20661,State Company of Electro Communications Turkmentelecom
AS263223,SATELITES Y TELECOMUNICACIONES C.A
AS15081,Omni Fiber
AS57152,TEKNET VERI MERKEZI HIZMETLERI A.S.
AS199298,Jan Stetina
AS41953,TELEPLUS SRL
AS399898,Conexon Connect
AS272366,TDT DIGITAL
AS149404,PT Cepat Multi Data
AS215423,FIFTH GENERTION NEW AGE LTD
AS138117,PT Solusindo Basis Teknologi
AS140413,PT Gayuh Media Informatika
AS197301,Parknet F.M.B.A.
AS51978,WEMACOM Telekommunikation GmbH
AS151995,PT Wifipedia Sinergi Telematika
AS53823,Scio Mutual Telephone Association
AS61049,Exascale Limited
AS140457,PT Ikhlas Cipta Teknologi
AS398872,Big Wifi
AS264827,WIRCOM S.P.A.
AS41119,Objedinenie Group Ltd.
AS328140,INSIST NET Limited
AS271642,W. & W. On-Line LTDA
AS208041,Rafal Rajba trading as INTERTELL
AS56373,Tomasz Gruca
AS61884,Ollá Telecom
AS262907,Brasil TecPar
AS266475,Sem Fronteiras
AS264406,ContilNet Telecom
AS266572,WORLDNET TELECOMUNICAÇÕES
AS262253,Fiberlux
AS264275,ROLIM NET TECNOLOGIA LTDA
AS15605,Connesi S.p.A.
AS263142,Route Way Telecomunicações LTDA ME
AS269988,BINET NETWORKING DATA LIMITADA
AS151549,PT Sarana Kawan Setia
AS136176,Cyber Solutions BD
AS205806,Stadtwerke Neustrelitz GmbH
AS28683,SOCIETE BENINOISE D'INFRASTRUCTURES NUMERIQUES
AS150073,WINNET BROADBAND PRIVATE LIMITED
AS37542,Iclix (PTY) Ltd
AS14695,City of El Reno
AS263483,DIRECT LAN TELECOMUNICAÇÕES SOROCABA LTDA
AS136289,Bbrg Communiction And Internet Pvt Ltd
AS132669,PT Globalnet Multi Data
AS7600,EscapeNet Pty Ltd
AS267088,Rede Spirit Telecom
AS151533,PT Sarana Optima Berdikari
AS328585,MegaMore Wireless Broadband Limited
AS273120,"TECNOLOGÍA, INFORMACIÓN Y COMUNICACIONES DE COLOMBIA SAS (TICCOL)"
AS28306,Voluy Telecom Eireli
AS273103,TV&MÁS S.A.S
AS3399,Obenet AB
AS139623,My Net Pty Ltd
AS25482,"Private Enterprise ""Law Firm ""Status"""
AS136217,MOON NET
AS62365,SachsenGigaBit GmbH
AS151781,Rabbit Internet
AS34620,Mikronet SIA
AS270359,iXnet Fibra
AS34001,SIA LIVAS NET
AS396185,GILES-CRAIG COMMUNICATIONS INC.
AS64073,Vetta Online Ltd
AS263008,Unifibra
AS203971,AzFiberNet Ltd.
AS50959,BEEONLINE OJSC
AS48294,Ogi Networks Ltd
AS52918,Info House Informática e Papeis Ltda
AS146904,MICRONET GIGAFIBER PRIVATE LIMITED
AS267851,SERVICIOS INFORMÁTICOS IGNACIO LIZANA CARREÑO E.I.R.L(INALTEC).
AS265721,Cable Atlantico SRL
AS20810,Netcom Kassel Gesellschaft fuer Telekommunikation mbH
AS150701,Regiment Technologies
AS147006,Star IT
AS150193,PT Olean Permata Telematika
AS12436,Bergon Internet Ltd.
AS152322,Hilsa BD Broadband Network
AS20365,Freedom mobile 
AS150750,IN CABLE INTERNET (PRIVATE) LIMITED
AS57353,vitroconnect GmbH
AS56523,Marek Michałkiewicz
AS201540,Pishgaman Toseeh Fanavari Etelaat Va Ertebatat Jonoub (Joint Stock Company)
AS202050,STIMO.NET SP. Z O.O.
AS270306,PHX TELECOM
AS399100,Tilson Broadband
AS399307,Town of Sterling
AS26292,Shrewsbury Electric and Cable Operations
AS152328,AVA BD NETWORK
AS147097,PT Jangkau Lintas Nusantara
AS263806,"GALAXY ENTERTAINMENT DE VENEZUELA, S.C.A."
AS141126,PT Cubiespot Pilar Data Nusantara
AS327688,Screamer Telecommunications
AS28459,MICHELLE MORENO MORENO
AS273309,UNI TELECOM LTDA
AS40545,Empire Access
AS141215,Dotcom International Pvt. Limited
AS2840,Stiftelsen Göteborgs Studentbostäder
AS25814,DigitalC
AS202098,ENEL S.p.A
AS265662,TLINK SPA
AS149401,PT Sintesa Sinergi Nusantara
AS36511,Dauphin Telecom Guadeloupe
AS263175,GUYACOM
AS150989,PT Media Akses Telematika
AS139642,Smart Link
AS22060,Netspectrum Wireless Internet Solutions
AS8477,Echostar Studio Sp. z o.o.
AS17306,"JAB Wireless, INC."
AS45763,Opticomm Co Pty Ltd
AS23314,Summit Broadband
AS47202,LAZER TELECOMUNICACOES S.A.
AS266284,Norte-Tel Telecomunicacoes LTDA
AS52540,H&F SOLUCOES TECNOLOGICAS LTDA
AS37697,"WEBMASTERS, LDA."
AS52292,Fiber2home S.A
AS64126,"DOMINICAN CABLE GROUP DCG, S.R.L."
AS272120,SERVICIOS INTERCONEXION INALAMBRICA ATENEA SRL
AS5742,"Consolidated Communications, Inc."
AS36827,PINE BELT TELEPHONE CO
AS267369,MAFREDINE TELECOMUNICAÇÕES EIRELI
AS151667,G Net Service
AS23031,TELECU TELECOMUNICACIONES DEL ECUADOR TELECUSA S.A.S.
AS263611,ZUM TELECOM LTDA- ME
AS151608,Blue Communication
AS396304,Antigua Wireless ventures Ltd
AS152026,PT Anten Sarana Teknologi
AS150008,Pioneer Elabs Ltd.
AS268205,Rede Brasil Networks
AS42908,"O2 Czech Republic, a.s."
AS41046,"O2 Czech Republic, a.s."
AS44712,"eHAMnet, s.r.o."
AS43733,Viva Armenia CJSC
AS272111,DATA ONLINE PERU S.A.C.
AS273078,SERVINET COMUNICACIONES S.A.S.
AS49588,SDS-Vostok Ltd.
AS205975,Fibre Assets Ltd
AS268023,USONEX SERVICOS DE TELECOMUNICACOES LTDA
AS152023,PT Gelam Net Solusi
AS37343,Telecom Seychelles Limited
AS36958,Cable & Wireless (Seychelles) Ltd
AS18734,"Operbes, S.A. de C.V."
AS50392,LLC Campus Networks
AS20055,Ziply Fiber (fka Wholesail)
AS139515,ZITA TELECOM PRIVATE LIMITED
AS327799,VIETTEL BURUNDI SA
AS268157,CX PRATES JUSTILIANO TELECOMUNICACÕES - ME
AS151992,PT Jet Cyber Network Nusantara
AS142003,Netway
AS3855,Logic Communications Ltd
AS35900,Digicel Barbados Ltd
AS264645,NEW MILLENNIUM TELECOM SERVICES N.V.
AS11816,SERVICIO DI TELECOMUNICACION DI ARUBA (SETAR) N.V.
AS8932,Ucom CJSC
AS6752,"ANDORRA TELECOM, S.A.U."
AS269506,BRLOGNET TELECOMUNICACOES LTDA
AS39611,TIBO COMMUNICATIONS SH.P.K
AS140050,Next Geekers Pvt. Ltd.
AS149874,Multiwave Networks Pty Ltd
AS14259,Gtd Internet S.A.
AS139088,KK Networks (Pvt) Ltd.
AS23114,Critical Hub Networks
AS11992,Liberty Mobile Puerto Rico Inc.
AS61139,TV TEOMAR SRL
AS150931,PT Denta Sejahtera Group
AS16906,"El Salvador Network, S. A."
AS264195,VAMO TELECOM
AS264758,ISP GROUP SRL
AS203847,Marconi Solutions Srls
AS33823,PHOENIX TELECOM & MEDIA SERVICES SRL
AS328611,Libyan Elite
AS62917,Gigabit Communications LLC
AS9922,New Kaohsiung Broadband LTD.
AS149306,Khilgaon Dot Net
AS34362,Terrakom d.o.o.
AS38628,HIMEJI CABLE TELEVISION CORPORATION
AS37892,"Cable Media WAIWAI Co.,Ltd."
AS28283,Adylnet Telecom
AS55666,PT Media Sarana Data
AS262813,Superimagem Tecnologia em Eletrônica Ltda
AS201019,P4 Sp. z o.o.
AS135425,Caznet
AS58945,Virgo Communication Ltd
AS202921,CC INTERNET s.r.o.
AS28725,CETIN a.s.
AS142006,Global ICT Network
AS394352,FlexNetworks
AS54980,FlexNetworks
AS135799,Rapidnet Private Limited
AS131602,"Hsin Yeong An Cable TV Co., Ltd."
AS10085,"Hsin Yeong An Cable TV Co., Ltd."
AS37451,CONGO TELECOM
AS37088,VDT COMMUNICATIONS LIMITED
AS265936,TURBONET CE
AS33218,"Belzoni Cable, LLC"
AS270711,Cloud Telecom LTDA
AS263262,MOV TELECOM LTDA
AS21413,Envia Tel GmbH
AS36866,Jamii Telecommunications Limited
AS149664,PT NKNET Data Media
AS5690,Vianet Inc.
AS150552,PT Link Data Sumber Barokah
AS271927,IPCOM SISTEMAS S.A.S.
AS134259,Skynet
AS397303,"WeLink Communications, Inc."
AS46154,Farmers Mutual Telephone Company
AS44894,Ukrchermetavtomatika LLC
AS36527,Rincon Wireless
AS203206,A.C. NetFlash Technologies Ltd
AS149697,PT Global Internet Solusindo
AS7106,"Com Net, Inc."
AS196927,Regionalna Telewizja Kablowa Spolka Jawna L.Iwanski i Wspolnicy
AS265917,RJ NET BRASIL TELECOM LTDA
AS269180,VIPNET Conexão
AS327782,Metrofibre Networx
AS268207,RVT SERVICOS DE TELECOMUNICACOES LTDA
AS13427,"Softcom Internet Communications, Inc."
AS266260,ITOP TELECOM LTDA - ME
AS201746,Olivenet Network S.L.
AS36874,Cybersmart
AS33763,Paratus Telecommunications Limited
AS33922,UAB Nacionalinis Telekomunikaciju Tinklas
AS263769,ByteSolution S.A. (WispSolution Internet)
AS8468,Cityfibre Limited
AS9902,NTC Neocom
AS38286,Phnom Penh Cable TV
AS200845,"AVATEL TELECOM, SA"
AS42947,Telfy Telecom S.L.
AS17551,Swoop (Anycast Global Backbone)
AS150961,PT Pandeglang Akses Semesta
AS150980,PT Menara Digital Salama
AS6810,"""Bezeq""- THE ISRAEL TELECOMMUNICATION CORP. LTD."
AS5385,Russmedia IT GmbH
AS31317,AnschlussWerk GmbH
AS49605,Digital Telecommunication Services S.r.l.
AS50083,Hermes Telecom BVBA
AS327814,Ecoband Ltd
AS50272,AVUR AS
AS35394,Cable Aireworld S.A.U.
AS34659,KEYYO SA
AS43372,TELNAP TELECOM Sp. z o.o.
AS200735,MN Glasfaser GmbH trading as MUENET GmbH & Co. KG
AS60822,Wispone S.R.L.
AS202813,"LIBERATEL COMUNICACIONES, S.L."
AS141139,PT Chandela Lintas Media
AS28919,Stadtwerke Kufstein GmbH
AS12360,KEVAG Telekom GmbH
AS57793,1310 Limited
AS37517,CV  Multimedia SA
AS51402,COM-IN Telekommunikations GmbH
AS21385,Trusted Network GmbH
AS13122,Manx Telecom Trading Ltd
AS206347,Wessex Internet Limited
AS12355,HeLi NET Telekommunikation GmbH & Co.
AS8681,JT (Jersey) Limited
AS21921,New Hope Telephone Cooperative
AS32437,Webdev CC T/A Cybertek
AS200924,Stiegeler Internet Service GmbH
AS201729,Freitaler Stadtwerke GmbH
AS271951,"4 EVER PLUG,C.A."
AS141071,PT Jembatan Data Pangrango
AS198930,Vereinigte Stadtwerke Media GmbH
AS212263,Rocket Fibre Ltd
AS23618,Ibara Broadcasting Company
AS64098,Field Solutions Group Pty Ltd
AS199452,MS3 Networks Ltd
AS42611,Full Fibre Limited
AS57099,Boundless Networks Limited
AS205771,OCTAPLUS NETWORKS LTD
AS21947,"Blackfoot Telephone Cooperative, Inc."
AS18988,City West Cable & Telephone Corp.
AS270158,Wantelco SAS de CV
AS34471,Free Technologies Excom S.L.
AS51263,County Broadband Ltd
AS200773,INFORMATICA FUENTEALBILLA S.L.
AS151585,PT Wifa Lintas Data
AS212109,Squirrel Internet Ltd
AS35205,RFT kabel Brandenburg GmbH
AS199775,Connexin Limited
AS27425,"IdeaTek Telcom, LLC"
AS37054,Telecom Malagasy
AS35847,Ezee Fiber
AS16637,MTN SA (Bayobab)
AS30925,DELTA Fiber Nederland B.V.
AS210619,Monkey Tree Hosting Limited
AS41549,Elektrizitaets- und Wasserwerk der Stadt Buchs SG
AS34120,Verslo Tiltas UAB
AS62105,Jonaz B.V.
AS49375,No One Internet Ltd
AS267321,NTISP TELECOM
AS199468,GRAIN COMMUNICATIONS LIMITED
AS29081,WVNET Information und Kommunikation GmbH
AS141616,PT Orbit Eka Semesta
AS396097,"Sail Internet, Inc."
AS197524,Leonet Group GmbH
AS39199,Private Enterprise RadioNet
AS139994,PT XL Axiata Tbk
AS49158,WIFINITY NETWORKS LIMITED
AS209400,KurpfalzTEL GmbH
AS20394,Rainier Connect
AS13807,Great Plains Communications LLC
AS39328,SISNET NUEVAS TECNOLOGIAS S.L.
AS55039,"Fatbeam, LLC"
AS15925,Occino GmbH
AS139820,HG TELECOMMUNICATION PRIVATE LIMITED
AS196968,Ilm-Provider UG (haftungsbeschraenkt)
AS210874,Box Broadband Limited
AS7782,"Alaska Communications Systems Group, Inc."
AS209528,MyWebCity Denmark ApS
AS61244,Manfred Casper trading as EURO-SAT
AS205515,Telecommunication Systems LLC
AS35437,Zone Telecommunications Ltd
AS200278,Kai Rottleb
AS272836,CALA SERVICIOS INTEGRALES E.I.R.L.
AS32444,Anthem Broadband
AS42455,ELITE GROUP.IM LIMITED
AS20886,bn:t Blatzheim Networks Telecom GmbH
AS48101,Trooli Ltd.
AS32354,Unwired
AS51249,"SIA ""SILKO serviss"""
AS41563,OSTKOM SIA
AS9249,Telecom Vanuatu Limited
AS207645,F & W Networks Ltd
AS32614,High Desert Internet Services
AS30640,"Etheric Networks, Inc."
AS153073,PT Kanal Telu Multiteknologi
AS393442,United Electric Cooperative
AS30110,Advanced Communications Technology
AS199496,E-PORTS AMPLE DE BANDA I INTERNET S.L.
AS44656,2provide GmbH
AS329415,Savanna Fibre Limited
AS149672,PT Aktech Digital Solutions
AS149930,PT Replay Inti Media
AS153327,PT Adisesha Paladium Interchange
AS56030,Voyager Internet Ltd.
AS18914,ETS TELECOM
AS13370,Ziply Fiber (LocalTel)
AS215066,Aquiss Limited
AS37645,Finstar - Sociedade de Investimento e Participacoes S.A
AS273208,INTERSAT LOS ANDES C.A
AS25764,Ziply Fiber (iFiber Communications Corp)
AS13451,Ziply Fiber (Saddle Mountain Wireless)
AS150202,PT Nanaka Network Communication
AS398420,"Tishomingo Connect, LLC"
AS393552,Longmont Power & Communications
AS215523,Yayzi Broadband Limited
AS151505,PT Iktiar Doa Tawakal
AS140923,Global Link
AS263544,Várzea Net Telecomunicações Ltda ME
AS46962,HRCOM
AS12778,"MEGA M, d.o.o."
AS39709,EXTREME LTD
AS142428,Suchana Broadband
AS270638,SELL TELECOM SERVICOS E COMERCIO EM TELECOMUNICACA
AS22322,Cable Co-op Inc
AS49883,LLC Rivne Telecom
AS58340,Napapiirin Kuituverkot Oy
AS134153,Xplore Net BD
AS153085,PT Berkah Setia Digital
AS198859,Osuuskunta Keskikaista
AS273656,OAC TECNOLOGIA EIRELI
AS151633,Archon Data Solutions
AS272167,NCWEB TELECOM
AS150540,PT. Kalam Digital Signalindo
AS264460,SIGA FIBRA LTDA
AS52962,Vipnet Baixada Telecom. e Informática Ltda
AS44506,LP Vahvavirta Osk
AS32867,Long Lines Internet
AS150555,PT Binerkahan Digital Telco
AS215367,LENIN JABIB RAMIREZ
AS202870,Dimensione S.r.l.
AS210218,Open Fiber S.P.A.
AS34244,Teleservice Bredband Skane AB
AS139197,Thunder Network
AS150942,PT Lambda Sinergi Telekomunikasi
AS44483,Elektrons K SIA
AS57223,NOVA SIA
AS47499,SIA ILVA Ltd.
AS139955,PT Data Prima Solusindo
AS267542,ED-LINK TELECOM
AS38754,PT Primedia Armoekadata Internet
AS20879,Digi Portugal
AS32490,"South Central Communications, Inc."
AS4713,NTT Communications Corporation (OCN)
AS265642,INETAMERICAS COMUNICACIONES LIMITADA
AS268647,DFLASH NET TELECOM E TURISMO LTDA
AS206196,Stadtwerke Lutherstadt Eisleben GmbH
AS57154,Stadtwerke Konstanz GmbH
AS400699,KitsapWiFi
AS273138,FIBRANETPLUS S.A.S.
AS152344,PT Linea Global Teknologi
AS399016,Canadian Fiber Optics Corp.
AS23404,Ritter Communications
AS271997,BIOCABLE SUR E I R L
AS266776,SOCIEDAD CONSULTORES EN INFORMATICA VARGAS Y COMPAÑIA LIMITADA
AS209551,Amisol GmbH
AS23497,"North Coast Wireless Communications, LLC"
AS206978,Stadtwerke Meerane GmbH
AS153234,SYXM CONECTIFY PRIVATE LIMITED
AS153122,PT Landak Annorty Net
AS395354,"Starry, Inc."
AS150000,Data-Beam Business Solution
AS399833,Rocky Ridge Wireless
AS139854,Digi Net
AS137681,Alien Dns Pvt Ltd
AS270364,NOVALINK INTERNET LTDA
AS11071,InfoWest
AS151600,PT Inti Data Guna
AS29505,Stadtwerke Luebeck Digital GmbH
AS59790,Marco Bungalski GmbH
AS135654,Internet @ Home Limited
AS30766,GGEW net GmbH
AS152406,PT Griya Akses Teknologi
AS149744,PT Misqot Sejahtera Indonesia
AS150986,PT Altafocus Media Center
AS396952,"Net253, LLC"
AS328514,Net Solutions Limited
AS153292,Nextbit Communication Private Limited
AS8092,"Access Media Holdings, LLC"
AS268353,PPLINKNET SERVICOS DE COMUNICACAO LTDA - ME
AS35319,ALTAIR MEGA LLC
AS26253,"South Central Communications, Inc."
AS153615,PT Lentera Abadi Solusinet
AS274607,GHT Telecom
AS328351,DK Wireless Internet (Pty) Ltd
AS205669,Association ResEl
AS46063,PT.Graha Telekomunikasi Indonesia
AS272971,NET LINK DOMINICANA EMIMAR SRL
AS44061,"SAT-MONT-SERVICE JACEK MRUK, KRZYSZTOF MRUK Sp. z o.o."
AS139077,FREEDOM INTERNET HOLDINGS PTY LTD
AS213494,STSNET LLC
AS25311,DIGI Belgium
AS153079,PT Citra Jaya Adiwangsa
AS152825,PT Teradata Bintang Selaras
AS150462,PT Air Lintas Komunikasi
AS53256,Mulberry Telecommunications
AS152605,Z COM NETWORKS
AS393422,New Visions Communications Inc
AS272897,SKARNET CHILE S.P.A.
AS152794,PT Net Patmedia Krama
AS45498,"SMART AXIATA Co., Ltd."
AS39216,AL-SARD FIBER Co.
AS35790,Aktiebolaget Sappa
AS39190,Ahmad Mahmoud Hassan trading as Nour El Houda Trading & Telecommunications
AS12963,"Scientific Industrial Firm ""Volz"" Ltd"
AS15924,Vodafone Turkey
AS33037,Anthem Connect
AS141916,PT Bantani Media Utama
AS139490,Aspt Networks Pvt Ltd
AS4474,"TCT West, Inc."
AS328977,Wavex Internet Service Provider LTD
AS15899,ERNIS SIA
AS15723,"""AZERONLINE LTD"" JOINT ENTERPRISE"
AS35860,Imagine Networks
AS269681,BEAM TELECOM IMP EXP LTDA
AS270684,WEB KONECT TELECOM DE FRUTAL LTDA
AS265197,Nevoli Telecom
AS266188,bipNET Telecom
AS268663,R G DE SOUSA LTDA
AS272174,JM TELECOM
AS264969,FD CAVALCANTE DE LIMA ME
AS264577,Silva Telecom
AS262543,BRMOM CONSTRUINDO CONEXOES LTDA
AS61911,InfoLink Fibra
AS268750,Delta-Connex (M. L. J. DANTAS - ME)
AS270804,Ibranet Telecom
