AS44684,Mythic Beasts Ltd
AS60474,Securebit AG
AS16276,OVH SAS
AS20473,"The Constant Company, LLC"
AS202297,Skylon Solutions Limited
AS201971,CreeperHost LTD
AS50321,BYTES.ua
AS8100,QuadraNet Enterprises LLC
AS136620,Mythic Beasts Ltd (VMHaus)
AS24940,Hetzner Online GmbH
AS202365,Chronos
AS48292,intibu
AS33597,atlantic.net
AS63949,Akamai (Linode)
AS29119,AIRE NETWORKS DEL MEDITERRANEO SL UNIPERSONAL
AS202954,Rapiddot Hosting Services Ltd
AS32780,"Hosting Services, Inc."
AS43160,"AVATEL TELECOM, SA"
AS57073,LLC Wildberries
AS14061,DigitalOcean LLC
AS30986,Scancom Limited
AS49770,Internetport Sweden AB
AS262287,Latitude.sh LTDA
AS36352,HostPapa
AS20860,IOMART CLOUD SERVICES LIMITED
AS8220,COLT
AS50673,Serverius Holding B.V.
AS395954,"Leaseweb USA, Inc."
AS136988,LEASEWEB AUSTRALIA PTY LIMITED
AS59253,Leaseweb Singapore Pte. Ltd.
AS60781,LeaseWeb Netherlands B.V.
AS28753,Leaseweb Deutschland GmbH
AS7203,"Leaseweb USA, Inc."
AS32475,Internap Holding LLC
AS15169,Google LLC
AS49981,WorldStream B.V.
AS60068,Datacamp Limited (CDN77 / DataPacket)
AS3213,Bogons Ltd
AS199610,marbis GmbH
AS20495,We Dare B.V.
AS42831,UK Dedicated Servers Limited
AS12876,Scaleway
AS24206,Channel-11
AS18747,IFX Corporation
AS40676,Psychz Networks
AS205206,Netsite A/S
AS44794,PEERIX LTD
AS203380,DA International Group Ltd.
AS14586,"Nuclearfallout Enterprises, Inc."
AS8987,Amazon Gov Cloud
AS14618,"Amazon.com, Inc."
AS204136,Silent Ghost e.U.
AS210083,Privex Inc.
AS209050,Digimagical GmbH
AS33387,"Nocix, LLC"
AS35179,Korbank S. A.
AS208479,Connectis S.A.
AS26863,Gameserverkings
AS64476,Shadow SAS
AS59891,FSIT AG
AS13101,TNG Stadtnetz GmbH
AS31424,"Netrics Zuerich AG, Opfikon"
AS24889,Monzoon Networks AG
AS1836,green.ch AG
AS8758,Iway AG
AS34288,Kantonsschule Zug
AS29097,Hostpoint AG
AS54133,UnmeteredInternet.com
AS25369,Hydra Communications Ltd
AS32097,"WholeSale Internet, Inc."
AS30823,aurologic GmbH
AS203629,SIBNET s.r.o.
AS34549,meerfarbig GmbH & Co. KG
AS61138,Zappie Host LLC
AS209898,ungleich glarus ag
AS16265,LeaseWeb Network B.V.
AS206582,CONTRUST SOLUTIONS S.R.L.
AS5552,Redcentric Solutions Ltd
AS57695,"Misaka Network, Inc."
AS47232,ISP Alliance a.s.
AS56575,Stanislaw Nowacki trading as TEPSANET NOWACCY Sp. J.
AS208976,FS IT-Systeme GmbH
AS54380,"ThoughtWave Technologies, Inc."
AS52697,Dominioz Servicos de Telecomunicacoes Ltda
AS3280,ENGINYRING EUROPE SRL
AS44592,SkyLink Data Center BV
AS56655,Gigahost AS
AS42503,Oktawave S.A.
AS24961,WIIT AG (fka. myLoc Managed IT AG)
AS136258,"BrainStorm Network, Inc"
AS204880,"Stowarzyszenie ""Warszawski Hackerspace"""
AS8283,Netwerkvereniging Coloclue
AS22773,Cox Communications Inc.
AS62282,UAB Rakrejus
AS206499,Marek Ziolkowski
AS64425,SKB Enterprise B.V.
AS49282,Ficolo Oy
AS27257,Webair Internet Development Company Inc.
AS34088,Host Europe GmbH
AS137403,SALTSYNC
AS49544,i3D.net B.V
AS45577,Intervolve Pty Ltd
AS43298,Storm Networks LLC
AS16509,"Amazon.com, Inc."
AS58282,Statens IT
AS207934,WNB A/S
AS48854,team.blue Denmark (Zitcom)
AS14525,Stellar Technologies Inc.
AS25108,IOMART MANAGED SERVICES LIMITED
AS59795,Lucas Rolff trading as PerfGrid
AS56630,Melbikomas UAB
AS51048,Next Connex Ltd
AS62240,Clouvider Limited
AS61157,PlusServer GmbH
AS51765,Oy Crea Nova Hosting Solution Ltd
AS397143,"Neptune Networks, LLC"
AS201525,HZ Hosting Ltd
AS202015,HZ Hosting Ltd
AS205804,Delta V Technologies Limited
AS55081,24 SHELLS
AS13213,UK-2 Limited
AS205668,Green Mini host BV
AS138866,PT Mitra Media Data
AS3214,xTom GmbH
AS7713,PT Telkom Indonesia Tbk
AS200019,ALEXHOST SRL
AS270012,EDDAS HG
AS132372,GB Network Solutions Sdn. Bhd.
AS44901,Belcloud LTD
AS139300,FUTURE NETWORK
AS202425,IP Volume inc
AS31400,firstcolo GmbH
AS212816,Cluster Power SRL
AS270014,GRUPO CG LIMITADA
AS265919,BB Host LTDA
AS47787,EDGOO NETWORKS UNIPESSOAL LDA
AS6939,Hurricane Electric LLC
AS42263,German Edge Cloud GmbH & Co. KG
AS9009,M247 Europe SRL
AS3164,Astimp IT Solution SRL
AS197071,active 1 GmbH
AS44094,Webhost LLC
AS53667,FranTech Solutions
AS200628,BGO Cloud OOD
AS20278,"Nexeon Technologies, Inc."
AS12850,Retelit Digital Services S.p.A.
AS395092,Shock Hosting LLC
AS34432,dogado GmbH
AS60672,ServerChoice Ltd
AS50056,Ai Networks Limited
AS62805,"xTom.com, Inc."
AS209199,Cloud Unboxed Limited
AS39967,"Path Network, Inc."
AS22890,"Nebraska Colocation Centers, LLC"
AS25180,Exponential-E Ltd.
AS201798,Bogons Ltd
AS51945,ConnetU Ltd.
AS59432,GINERNET S.L.
AS60458,Xtudio Networks S.L.U.
AS50763,MCKAYCOM LTD
AS212806,VeloxServ Communications Ltd
AS39351,31173 Services AB
AS36236,"NetActuate, Inc"
AS263093,Endurance Group Brasil Hospedagem de Sites LTDA
AS43061,Stelkom d.o.o.
AS212396,FyfeWeb Ltd
AS2764,AAPT Limited
AS13342,Bardstown Internet Service Inc
AS54574,DMIT Cloud Services
AS16302,Suomi Communications Oy
AS212268,Nobins Pvt Ltd
AS212292,Mallory Caldera
AS39618,HostCram LLC
AS201964,Domainkeskus Oy
AS209605,UAB Host Baltic
AS47147,ANEXIA Internetdienstleistungs GmbH
AS197540,netcup GmbH
AS39533,Asympto Networks Kft.
AS199524,Gcore S.A.
AS29140,Hostserver GmbH
AS29791,Internap Holding LLC
AS31463,Redcentric Solutions Ltd
AS50823,PBX Hosting Ltd
AS25098,Netcalibre Ltd
AS50300,CustodianDC Limited
AS39603,P4 Sp. z o.o.
AS203280,Jose Antonio Vazquez Quian
AS207537,Stefan Blomme
AS12552,GlobalConnect (IP-Only)
AS203003,Magna Capax Finland Oy
AS39392,SH.cz s.r.o.
AS46652,"DigitalOcean, LLC"
AS62513,GoCodeIT Inc
AS27411,"Leaseweb USA, Inc."
AS209863,PROLVL Ltd.
AS207569,I-SERVERS LTD
AS8452,Telecom Egypt
AS22439,"Perfect International, Inc"
AS212271,Cinzia Tocci trading as C1V
AS12488,Krystal Hosting Ltd
AS21100,GREEN FLOID LLC
AS7040,Netminders Server Hosting
AS44208,Farahoosh Dena PLC
AS58057,Securebit AG
AS213122,Krixe Pte. Ltd.
AS198412,Rage4 Networks Limited
AS37153,Xneelo (Pty) Ltd
AS328137,Web Squad Connect (Pty) Ltd
AS134496,Stelch
AS44504,Andy Davidson
AS6539,Bell Canada
AS10195,HAIonNet
AS43588,iHost (IM Level 7)
AS396998,"Path Network, Inc."
AS36231,"Tempest Hosting, LLC"
AS399531,"Hop, Inc"
AS3462,HiNet (Chunghwa Telecom)
AS8075,Microsoft Corporation
AS199246,ENARTIA Single Member S.A.
AS15395,Rackspace Ltd.
AS39921,Rackspace Ltd.
AS16805,"DataPipe, Inc."
AS198220,Datapipe Europe Ltd
AS22576,"DataPipe, Inc."
AS12200,Rackspace Hosting
AS33070,Rackspace Hosting
AS61340,Prog-It Oy
AS4134,China Telecom Backbone
AS211954,Figuresware LLC
AS47285,Patron Technology Persia Ltd
AS15830,"Equinix, Inc."
AS213268,Bryan Barbolina trading as Cloudwebservices
AS28299,Cyberweb Networks Ltda
AS7671,NTT SmartConnect Corporation
AS4766,Korea Telecom
AS63734,365 Online technology joint stock company
AS4837,China Unicom Backbone
AS9929,CHINA UNICOM Industrial Internet Backbone
AS24400,"Shanghai Mobile Communications Co.,Ltd."
AS9394,China TieTong Telecommunications Corporation
AS60937,Savon ICT-palvelut Oy
AS396503,WestConnect Communications
AS33911,HZONE SRL
AS28513,UNINET
AS139989,CV Atha Media Prima
AS58453,China Mobile International
AS9312,xTom
AS18250,GEEK NETWORKS PTY LIMITED
AS34536,Newel Informatique
AS61108,eww ag
AS62563,GLOBALTELEHOST Corp.
AS58294,Cloud Wall Ltd.
AS209045,Genesis Cloud Limited
AS264056,ULI TELECOM LTDA
AS19437,SECURED SERVERS LLC
AS328867,Corebach Backbone SARL
AS59110,BPS Inc.
AS204094,"I4W - Web Solutions, Lda"
AS205125,Network Management Ltd
AS41635,LIVEHOSTING DATACENTER SRL
AS138997,Eons Data Communications Limited
AS63779,InfiniCloud Co. Ltd.
AS14840,BR.DIGITAL 
AS62081,Stowarzyszenie e-Poludnie
AS3170,VeloxServ Communications Ltd
AS37912,IPRIO Corporation.
AS7529,NetIRD Inc.
AS59077,Shanghai UCloud Information Technology Company Limited
AS1680,Cellcom Fixed Line Communication L.P
AS59238,"Innovative Extremist Co., Ltd."
AS131447,POPIDC powered by CSLoxinfo
AS9891,CS LOXINFO Public Company Limited.
AS9268,Over The Wire Pty Ltd
AS210985,Christopher Bishop
AS142045,Fiber Link
AS23693,PT. Telekomunikasi Selular
AS211037,1Ago CommV
AS38008,Aperture Science Limited
AS33044,Megawire Inc.
AS35661,VIRTUA SYSTEMS SAS
AS47890,UNMANAGED LTD
AS270353,Tyna Host
AS40501,"Colo IP Networks, LLC"
AS6848,Telenet BV
AS208753,Marco d'Angelo
AS38493,Royal Green Online Ltd
AS15879,Vancis IP B.V.
AS212711,Daniel Terrence Thorpe
AS60502,01 SYSTEM SRL
AS92,Clarkson University
AS61218,4b42 UG
AS29169,GANDI SAS
AS270824,ENX Services
AS28263,Ensite Brasil Telecomunicações Ltda - ME
AS8873,Alexander Wagberg trading as Wberg Networks
AS20857,TransIP B.V. (team.blue NL)
AS8839,SdV-Plurimedia
AS33185,Hive Data Center Inc.
AS25291,SysEleven GmbH
AS203752,E-CAPS DOO
AS13182,Made Network Srl
AS135328,Tangelo
AS45671,Servers Australia
AS7954,"Immense Networks, LLC"
AS211785,TechLabItalia s.r.l.
AS142616,"Misaka Network, Inc."
AS60674,cupaco GmbH
AS8560,IONOS SE
AS49169,SC ETA2U SRL
AS58299,Openfactory GmbH
AS35916,MULTACOM CORPORATION
AS42369,CORESYSTEM SASU
AS136402,Nautile SARL
AS211238,Dedicated Cyber Limited
AS210632,Floofy Hosting LLC
AS15703,TrueFullstaq B.V.
AS44222,Nuno Felgueiras
AS51392,Fusioned Ltd
AS34119,Wildcard UK Limited
AS207003,Web1 Oy
AS6667,Elisa Oyj
AS147066,FASTTEL BROADBAND (PRIVATE) LIMITED
AS9031,EDPNET Belgium BV
AS211003,Finn Linsbauer
AS15598,NorthC Deutschland GmbH
AS44103,The Mastermind Holding B.V.
AS37640,Cape Connect Internet
AS39371,Acknowledge Benelux B.V.
AS398447,"OHANACRAFT, LLC"
AS210508,Justifi Network LLP
AS18345,Servers Australia Customers
AS210633,DevStorage UG (haftungsbeschraenkt) trading as DevStorage IT-Services UG (haftungsbeschraenkt) & Co. KG
AS19795,"Acoustic, L.P."
AS43350,NForce Entertainment B.V.
AS51852,Private Layer INC
AS39384,"Dream Fusion - IT Services, Lda"
AS48894,Optimus IT d.o.o.
AS40509,"Fly.io, Inc."
AS48070,DSM (GB) Limited
AS213035,Serverion
AS48635,CLDIN B.V.
AS35425,IOMART MANAGED SERVICES LIMITED
AS34660,Roebuck Group Limited
AS56595,Fluency Communications Ltd
AS8916,Portfast Ltd
AS209,Lumen (ex. Qwest)
AS8943,Jump Networks Ltd
AS61337,Single Mode Networks Ltd
AS42708,GleSYS AB
AS206628,Tianyu-Zhu
AS8423,NetcoRR Synergies SRL
AS53755,Input Output Flood LLC
AS9583,Sify Limited
AS17494,Bangladesh Telegraph & Telephone Board
AS3223,Voxility LLP
AS213230,Hetzner Cloud - Ashburn
AS174,Cogent Communications
AS207459,TEKNOSOS BILISIM HIZMETLERI VE TIC. LTD. STI.
AS39798,MivoCloud SRL
AS31898,Oracle Corporation
AS51059,Brightbox Systems Ltd
AS200651,FlokiNET ehf
AS207590,loclix
AS24642,Caveo Internet BV
AS56381,level66.network UG (haftungsbeschraenkt)
AS47447,23M GmbH
AS48314,IP-Projects GmbH & Co. KG
AS16247,M247 Ltd
AS12637,Seeweb s.r.l.
AS210977,Triple Interactive B.V.
AS396982,Google Cloud Platform
AS210630,IncogNET LLC
AS62119,root SAS
AS41495,Faelix Limited
AS213250,Dominic Scholz trading as ITP-Solutions GmbH & Co. KG
AS36351,IBM Cloud
AS63555,Beijing Beilong Yunhai Network Data Technology Corporation
AS4816,China Telecom (Group)
AS58519,China Telecom Cloud
AS12611,R-KOM Regensburger
AS43391,Netdirekt A.S.
AS51540,DAL Bilgi Teknolojileri ve Bilisim Sistemleri Tic. A.S.
AS41039,"Timer, LLC"
AS61998,SzerverPlex.hu KFT.
AS200698,Globalhost d.o.o.
AS25459,Eurofiber Cloud Infra B.V.
AS24679,kyberio GmbH
AS15987,Portunity GmbH
AS43289,Trabia SRL
AS198913,Babiel GmbH
AS202448,MVPS LTD
AS51559,Netinternet Bilisim Teknolojileri AS
AS213252,Cenuta Telekomunikasyon Anonim Sirketi
AS212069,Hostixo Internet Bilisim Yazilim Hizmetleri Tic. ve San. Ltd. Sti.
AS39582,Vaultr Veri Merkezi Hizmetleri Anonim Sirketi
AS17914,secured.gg Hosting LLC
AS30058,FDCservers.net
AS25820,IT7 Networks Inc
AS4809,China Telecom Next Generation Carrier Network
AS9808,China Mobile Backbone
AS24429,Alibaba Cloud
AS10099,China Unicom Global
AS138421,China Unicom
AS140979,China Unicom Shanghai FuTe IDC network
AS17816,China Unicom IP network China169 Guangdong province
AS56040,China Mobile Group GuangDong Company
AS59065,"PayPal Network Information Services (Shanghai) Co., Ltd."
AS9678,HostingInside LTD.
AS17739,"Shanghai Telecom Haplink Network Co., Ltd"
AS45061,"Shanghai Information Network Co.,Ltd."
AS23853,"Shanghai Data Solution Co., Ltd."
AS18243,"5th Floor, Builidng 9, No.690 Bi Bo Road, Shanghai, China"
AS58593,"Shanghai Blue Cloud Technology Co.,Ltd"
AS47638,Cadence Networks Ltd
AS41378,Kirino LLC
AS400529,"Infraly, LLC"
AS55492,Dhaka Fiber Net Limited
AS149690,CV Ali Media Network
AS399629,BL Networks
AS54723,"Midwest Data Center, Inc."
AS211360,FEDERICO BOVE trading as HATHOST
AS37709,Cloud Temple Tunisia
AS23352,DEFT.COM
AS43669,Axia Computer Systems Limited
AS398355,Data Ideas LLC
AS141431,Call 2 Phone Private Limited
AS26347,"New Dream Network, LLC"
AS47674,BlazingFast
AS44820,Denis Pavlovich Semenyuk
AS51895,Ingo Klein
AS212934,Accuris Technologies Ltd.
AS39378,servinga GmbH
AS141565,Puravi Elite Technologies Pvt. Ltd.
AS200462,"Lennart Seitz trading as ""ETH-Services"""
AS8426,Claranet Limited
AS400011,Voxtelesys LLC
AS198249,Ops One AG
AS31229,Beyond.pl sp. z o.o.
AS400705,"Highland Networks, LLC"
AS56457,FASTPATH IKE
AS15725,IKS Service GmbH
AS16316,TMT GmbH & Co. KG
AS200052,Feral.io Ltd
AS32181,GigeNET
AS45012,dogado GmbH
AS8473,Bahnhof AB
AS8280,SYNAPSECOM S.A. Provider of Telecommunications and Internet Services
AS202675,Keliweb S.R.L
AS60131,High5! B.V.
AS41887,Prolocation B.V.
AS45634,Sparkstation Pte Ltd
AS394996,Paperspace
AS37963,"Hangzhou Alibaba Advertising Co.,Ltd."
AS135063,POP NIX COMPANY LIMITED
AS8893,Artfiles New Media GmbH
AS47869,ColoHouse LLC
AS53356,Free Range Cloud Hosting Inc.
AS35913,DediPath
AS210715,Nik Rozman
AS60117,Host Sailor Ltd
AS20712,Andrews & Arnold Ltd
AS42184,TKRZ Stadtwerke GmbH
AS207027,LLC Eximius
AS9145,EWE TEL GmbH
AS12306,Plus.line AG
AS203968,aiticon GmbH
AS28676,WITCOM Wiesbadener Informations- und Telekommunikations GmbH
AS32582,"600Amps Internet Services, Inc."
AS206634,Vatora Technologies Limited
AS16086,DNA Oyj
AS1759,Telia Finland Oyj
AS21473,PFALZKOM GmbH
AS8849,Melbikomas UAB
AS35366,ISPpro Internet KG
AS207429,Kapteyan Bilisim Teknolojileri Sanayi ve Ticaret A.S
AS17806,Mango Teleservices
AS57152,TEKNET VERI MERKEZI HIZMETLERI A.S.
AS199087,KaseNet oy
AS210697,SOMETHING SINGLE MEMBER P.C.
AS58003,Planeetta Internet Oy
AS375,Tietoevry Oyj
AS136907,Huawei Cloud
AS39699,Lounea Palvelut Oy
AS56046,China Mobile Beijing Province Network
AS58854,Kaopu Cloud
AS17622,China Unicom Guangdong Province Network
AS140726,China Unicom AnHui Province Network
AS18242,"Chengdu Information Harbor Co., Ltd"
AS17621,China Unicom Shanghai network
AS17623,China Unicom Shenzhen network
AS55960,Beijing Guanghuan Xinwang Digital
AS30456,Cosmic Global Networks
AS9505,Taiwan Internet Gateway
AS132203,Tencent
AS45090,Shenzhen Tencent Computer Systems Company Limited
AS9607,"BroadBand Tower, Inc."
AS7489,HostUS
AS34927,iFog GmbH
AS135391,"Aofei Data International Co., Ltd."
AS17408,AboveNet Communications Taiwan
AS48024,RIPE NCC ASN block
AS17676,SoftBank Corp.
AS2516,KDDI Corporation
AS137409,GSL Networks Pty LTD
AS21859,Zenlayer Inc
AS212027,PebbleHost Ltd
AS209018,HubFlake Solutions SRL
AS210546,Miglovets Egor Andreevich
AS44217,IQ Networks for Data and Internet Services Ltd
AS140096,"JINX CO., LIMITED"
AS10212,China Enterprise ICT Solutions Limited
AS41327,Fiber Telecom S.p.A.
AS399244,Bloom Host (AME Hosting LLC)
AS8818,Tusass A/S
AS203758,EUGAMEHOST LTD
AS63199,"CDS Global Cloud Co., Ltd"
AS140443,PT Herza Digital Indonesia
AS31786,PloxHost
AS400245,AlphaCentri Corporation
AS136052,PT Cloud Hosting Indonesia
AS210732,Alexandre FERNANDES (VUAFGROUP SAS)
AS9136,WOBCOM GmbH
AS56958,Raiola Networks S.L.
AS203363,Kuroit Limited
AS18450,"WebNX, Inc."
AS19224,"Quantum Services Group, LLC."
AS2107,ARNES
AS835,GoCodeIT Inc
AS20454,SECURED SERVERS LLC
AS9370,SAKURA Internet Inc.
AS202032,GOLINE SA
AS952,"Hop, Inc"
AS16391,Celito Communications Inc.
AS206216,Advin Services LLC
AS35133,Eranium B.V.
AS951,ioHarbor
AS41000,Freethought Internet Limited
AS205897,HOSTOWEB LTD
AS57050,S.C. DreamServer S.R.L.
AS212508,Lowhosting services of Davide Gennari
AS208959,SlashN Services Pte. Ltd.
AS20326,TeraSwitch Networks Inc.
AS50391,DIVERGENT NETWORKS LTD
AS924,Cloudie Networks LLC
AS42447,EQU Technologies LLP
AS56322,ServerAstra Kft.
AS30962,comtrance service GmbH
AS44925,1984 ehf
AS141602,PT Inovasi Teknologi Pintar
AS210718,FIVE CYBER HOST SECURITY S.R.L.
AS264247,Maila Networks
AS28329,Megatelecom (G8)
AS13009,Redcentric Solutions Ltd
AS47215,dogado GmbH
AS400799,Pufferfish Studios LLC
AS44620,Netlen Internet Hizmetleri Ltd. Sti.
AS42730,EVANZO e-commerce GmbH
AS6724,Strato GmbH
AS964,"IonSwitch NW, LLC"
AS212317,Hetzner Cloud - Hillsboro
AS202458,Timothe Ember
AS205436,Wintermute Technologies EHF
AS141968,PT Industri Kreatif Digital
AS139648,PacketStream Korea
AS131745,PT Cybertechtonic Pratama
AS137331,PT Cloud Teknologi Nusantara
AS7720,Skywolf Technology LLC
AS209214,Netheimur ehf.
AS134175,DingFeng XinHui
AS15817,Mittwald GmbH
AS212477,RoyaleHosting B.V.
AS204609,Comspot services Oy
AS5411,Tietoevry Oyj
AS39287,ab stract ltd
AS199480,Alajärven Puhelinosuuskunta JAPO
AS61302,RIPE NCC ASN block
AS203511,OZBAY BILISIM INTERNET HIZMETLERI LIMITED SIRKETI
AS50629,LWLcom GmbH
AS48254,20i Limited
AS328840,ST DIGITAL
AS211301,Collin Schneeweiss trading as Unesty Company
AS12859,BIT BV
AS150249,PT Atharva Telematika Persada
AS202685,Aggros Operations Ltd.
AS149513,SyCloud
AS12941,intersaar GmbH
AS8888,xTom Pty Ltd
AS399122,VPS House Technology Group LLC
AS202053,UpCloud Ltd
AS21069,METANET AG
AS131657,"Hong Da Storage Equipment Co., Ltd."
AS46261,"QuickPacket, LLC"
AS149998,Goanna Networks
AS56665,Proximus Luxembourg S.A.
AS41765,IPGarde SAS
AS209097,NETSYST SAS
AS139946,PT Teknologi Bumi Nusantara
AS139901,Apple Communication Ltd.
AS16625,"Akamai Technologies, Inc."
AS30633,LeaseWeb USA / WDC-01
AS199081,Lancom Ltd.
AS140389,PT Dewa Bisnis Digital
AS328422,FFG Connection CC
AS328037,Optify Systems (Pty) Ltd
AS328364,Host Africa (Pty) Ltd
AS36943,1 GRID (PTY) LTD
AS327979,DIAMATRIX C.C
AS49581,Ferdinand Zink trading as Tube-Hosting
AS142299,"CLOUDFOREST CO., LTD."
AS400758,CORTAVIS
AS24768,"AlmourolTec, Lda"
AS44949,Gigacodes GmbH
AS44700,Haendle & Korte GmbH
AS29014,ScaleUp Technologies GmbH & Co. KG
AS29141,Bradler & Krantz GmbH & Co. KG
AS34895,hostNET Medien GmbH
AS205766,Jonas Pasche
AS5517,CSL Computer Service Langenbach GmbH
AS210226,Windcloud 4.0 GmbH
AS44486,"Oliver Horscht is trading as ""SYNLINQ"""
AS48927,ESEVEN DevOps GmbH
AS5577,root SA
AS833,Spearware Networks LLC
AS13830,PureVoltage Hosting Inc. (Nexril)
AS52210,Accuris Technologies Ltd.
AS213382,Paul Flores (cubixserv)
AS139967,PT Yasmin Amanah Media
AS203446,SMARTNET LIMITED
AS211816,ERON X s.r.o.
AS60602,Inovare-Prim SRL
AS51741,Nextly SASU
AS209824,Georg Kroeber
AS206446,Cloud Lease Ltd
AS202359,AS207960 Cyfyngedig
AS33425,"CoreWeave, Inc"
AS208869,sharptech DA
AS44515,Advania Ísland ehf
AS50613,Advania Ísland ehf (ThorDC)
AS150156,99IT
AS41634,Svea Hosting AB
AS60841,BerryByte Limited
AS52112,Tom Klein
AS207279,Markahost
AS204914,LABIXE LTD
AS29017,NTT Data Centers (Gyron)
AS39122,Blacknight Internet Solutions Limited
AS25581,GMG AG
AS12290,Exonetric Consulting Ltd
AS43357,Owl Limited
AS45474,NEXUSGUARD LIMITED
AS20559,Fundaments B.V.
AS51167,Contabo GmbH
AS16125,UAB Cherry Servers
AS45102,"Alibaba (US) Technology Co., Ltd."
AS202468,Noyan Abr Arvan Co. ( Private Joint Stock)
AS41960,Nextpertise B.V.
AS205614,Medialine EuroTrade AG
AS49879,ISIK Bilgisayar Internet ve Yayincilik Hizmetleri
AS49515,DND Nordic AB
AS25277,"POSLuH d.o.o, za informaticke usluge i trgovinu"
AS201563,cyber_Folks d.o.o
AS206575,DATABOX d.o.o.
AS61211,SETCOR d.o.o.
AS12417,Plus Hosting Grupa d.o.o.
AS7195,EdgeUno
AS21980,"Dayco Telecom, C.A."
AS328238,INFOSET SARL
AS28252,Worldnet Telecom Comunicações LTDA
AS393577,Tritan Development
AS396356,Latitude.sh
AS141039,PacketHub S.A.
AS12759,SOCO Network Solutions
AS58308,Cusae SAS
AS8315,Accenture B. V.
AS211588,Yvan Watchman trading as Xyphen IT
AS18978,Enzu Inc
AS54825,Equinix Metal (Packet.net)
AS26548,PureVoltage Hosting Inc.
AS30893,No ACK Group Holding AB
AS210756,EdgeCenter LLC
AS40994,Alwyzon (Hohl IT)
AS149020,WebHorizon Internet Services
AS60330,Belarusian Cloud Technologies LLC
AS18187,Source Telecoms Inc.
AS64050,BGP Network Limited
AS34953,RelAix Networks GmbH
AS58717,Summit Communications Ltd
AS200303,LUMASERV
AS399580,Radish Networks
AS210644,Aéza International Limited
AS41504,arcos informationssysteme GmbH
AS34125,Bechtle Managed Service GmbH
AS30791,za-internet GmbH
AS21263,TeleData GmbH
AS400810,BreezeHost
AS202662,Hytron Network Services Limited
AS34081,INCUBATEC GmbH - Srl
AS13627,Ambyre LLC
AS39614,Dawico Deutschland GmbH
AS262518,TRAY TECNOLOGIA EM E-COMMERCE LTDA
AS14576,Hosting Solution Ltd.
AS397031,"GALAXYGATE, LLC"
AS204333,Witalij Koweschnikow
AS56987,ABACLOUDA SAS
AS36791,Portland Internet Hosting LLC
AS400587,"Ryamer, LLC"
AS34979,39D Services LTD
AS12399,q.beyond AG
AS197216,Delta HighTech Ltd.
AS5413,Daisy Corporate Services Trading Ltd
AS50599,DATASPACE P.S.A.
AS58909,IBEE Software Solutions Pvt. Ltd.
AS35008,"Kerfuffle, LLC"
AS52041,"Scaleblade, Ltd."
AS199938,Netzwerge GmbH
AS211617,Gabriel ARGENTIERI
AS27845,Empresa de Recursos Tecnologicos S.A E.S.P
AS26383,Baxet Group Inc.
AS37989,DCS1
AS199297,Savinien Petitjean (Vyme)
AS140457,PT Ikhlas Cipta Teknologi
AS39421,Sapinet SAS
AS133159,Mammoth Media Pty Ltd
AS212618,Xentain Solutions Inc.
AS20912,Panservice s.a.s. di Cuseo Fabrizio & C.
AS210767,Link Host Ltd.
AS204983,Cyberfusion B.V.
AS14315,"1GSERVERS, LLC"
AS42160,Datacenter United
AS8298,IPng Networks GmbH
AS56309,"Siamdata Communication Co.,Ltd."
AS59943,Level 27 BVBA
AS28747,Easyhost BVBA
AS34762,Combell NV
AS149344,PT Dhoho Mitra Abadi
AS59678,SYSTEM36 LLC
AS30860,Virtual Systems LLC
AS43641,SOLLUTIUM EU Sp z.o.o.
AS15366,DNS:NET Internet Service GmbH
AS48173,Orange Business Digital Germany GmbH
AS57974,Teracast Networks LLC
AS39104,Oxeva SAS
AS49434,FBW NETWORKS SAS
AS146961,NEXET LIMITED
AS11161,DigitalVirt LLC
AS400298,Madcityservers LLC
AS50926,"AXARNET COMUNICACIONES, S.L."
AS963,N963 PTE. LTD.
AS400442,Vulpine Networks
AS14131,DataYard
AS36369,Limewave Communications
AS400145,"Gladius Technology Solutions, LLC"
AS207994,Blockchain Creek B.V.
AS14740,Magna5 MS LLC
AS327822,Airpark Beaufort West CC
AS60422,DLX A/S
AS34624,Megaspace Internet Services GmbH
AS272696,HOSTING NOW NET LTDA
AS56028,BTG Networks
AS50446,Datacampus SAS
AS8285,Versija SIA
AS33846,Dataport AöR
AS210920,"Civo LTD - Frankfurt, DE"
AS211552,Civo LTD - UK
AS212047,Civo LTD - USA
AS9028,OHOST LLC
AS205090,FIRST SERVER LIMITED
AS199654,Oxide Group Limited
AS147186,VCCL Cloud Private Limited
AS212177,AIRBYTES COMMUNICATIONS Limited
AS17185,Data102
AS15510,Compuweb Communications Services Limited
AS138358,Purple IT Ltd
AS207261,Luolakallio Oy
AS25198,INTERKVM HOST (ZetServers)
AS61029,DODW Holding B.V.
AS62082,Hostland LTD
AS62000,SERVERD SAS
AS50867,HOSTKEY B.V.
AS140201,Rtel Internet Services Private Limited
AS269925,MEDIAWEB SPA
AS7684,SAKURA Internet Inc.
AS270853,STAYBOX SERVICOS DE HOSPEDAGEM NA INTERNET LTDA
AS394177,Shift Hosting LLC
AS45899,VNPT Corp
AS13781,Hopkinsville Electric System
AS6364,"Atlantic.net, Inc."
AS200136,Association LibraHost
AS15943,wilhelm.tel GmbH
AS207656,Epinatura LLC
AS208183,Internetmanufaktur Karlsruhe UG (haftungsbeschraenkt)
AS400304,Redoubt Networks (Crunchbits)
AS210993,SPACECORE SOLUTION LTD
AS60970,Herman IT Oy
AS49505,JSC Selectel
AS61976,Selectel - Novosibirsk
AS50340,Selectel - Moscow
AS142036,Hosteons Pte. Ltd.
AS11990,"Unlimited Net, LLC"
AS52000,MIRhosting B.V.
AS1764,Next Layer Telecommunications
AS38927,Net-Build GmbH
AS12431,SYBCOM GmbH
AS202673,Oihalitz Fernandez Gil ruiz
AS8469,CANCOM Managed Services GmbH
AS47376,Web Gostaran Bandar Company (PJS)
AS34282,UKDedicated LTD
AS50304,Blix Solutions AS
AS1002,Bytefilter LLC
AS8829,ElmoNet Oy
AS60318,VSELINK LLC
AS11878,"tzulo, inc."
AS21700,"Neptune Networks, LLC"
AS56382,vServer.site LTD
AS59615,SIA Serverum
AS269070,Hostzone Tecnologia LTDA
AS52073,I2SNETWORK SAS
AS327900,Simply Computers Tanzania Ltd
AS203647,WORLDBUS (TradeZone)
AS20248,"Take 2 Hosting, Inc."
AS207713,GLOBAL INTERNET SOLUTIONS LLC
AS51519,Karabro AB
AS200636,Paravirt LTD
AS203470,Ezrinix LLC
AS50465,IQHost Ltd
AS12695,LLC Digital Network
AS201057,Multim Oy
AS29182,JSC IOT
AS906,DMIT Cloud Services
AS29075,IELO-LIAZO SERVICES SAS
AS210558,1337 Services GmbH
AS135905,Vietnam P&T
AS139070,Google Cloud Korea
AS14371,Paul Bunyan Communications
AS10242,US Internet Corp
AS55990,Huawei Cloud Service data center
AS64289,Macarne.com
AS57814,Cloud 9 Ltd.
AS212815,Dyjix SAS
AS39937,"LTech Solutions, Ltd."
AS24657,Dokumenta AG
AS26832,Rica Web Services
AS44477,PQ HOSTING PLUS S.R.L.
AS44398,IT Relation A/S
AS30232,M3 Consulting LLC
AS200435,Titan DataCenters France SAS
AS63473,"HostHatch, LLC"
AS199695,PT Anym Network Indonesia
AS56430,Chroot Network SRL
AS199231,Datalahti Oy
AS60456,REVTELECOM GROUP SAS
AS212440,Devguard GmbH
AS41720,Revolution Provider S.r.l.
AS5065,Bunny Communications
AS5048,FIBERNET Corp.
AS34224,Neterra Ltd.
AS203321,100 DERECE BILISIM A.S.
AS266618,MEGA PROVEDOR - SERVICOS DE INTERNET LTDA - ME
AS49585,CoreRoute UG
AS34788,Neue Medien Muennich GmbH
AS196752,Tilaa B.V.
AS147049,PacketHub S.A.
AS198584,PIO-Hosting GmbH
AS48571,efectRO SRL
AS40021,"Contabo (Nubes, LLC)"
AS44381,ITsjefen AS
AS393398,"Evocative (1515 ROUNDTABLE DR PROPERTY, LLC)"
AS30781,Free Pro SAS
AS202509,Cloud City Oy
AS63023,GTHost
AS12676,HKN GmbH
AS31863,"Centrilogic, Inc."
AS198468,Gijsbertus Henricus van Gemert trading as DutchIS
AS62943,Bluebird Network
AS27715,Locaweb Serviços de Internet S/A
AS26930,PureVoltage Hosting Inc.
AS207252,Felix Gassan
AS31027,GlobalConnect A/S
AS204779,Local Loop Oy
AS134094,"Serverfield Co., Ltd."
AS39566,Smarthost sp. z o.o.
AS59217,Azonne Limited
AS50338,GamerHost s.r.o.
AS58212,dataforest GmbH
AS138876,CV Saranaindo
AS17884,PT Uninet Media Sakti
AS137373,PT Suiten Inovasi Sukses
AS51396,Pfcloud UG
AS63930,Ready Server Pte. Ltd.
AS212872,Serverio technologijos MB
AS57758,Cloudbear B.V.
AS29037,KEVAG Telekom GmbH
AS133800,PT Biznet Gio Nusantara
AS202963,Master-Integration Ltd
AS48618,Oulun DataCenter Oy
AS15353,Xentain Solutions Inc.
AS55688,PT BEON Intermedia
AS58404,PT Qwords Company International
AS37497,Network Platforms (PTY) LTD
AS215939,Valery Smoliar
AS3188,Alastyr Telekomunikasyon A.S.
AS55701,PT Usaha Adi Sanggoro
AS135636,PT RackH Lintas Asia
AS131775,PT Jupiter Jala Arta
AS45298,PT Interlink Technology
AS138131,CV Natanetwork Solution
AS58487,CV Rumahweb Indonesia
AS149391,PT Delta Awan Angkasa
AS138115,PT Deneva
AS59279,PT Raja Mitra Informatika
AS45146,PT Raja Sepadan Abadi
AS58820,PT APIK Media Inovasi
AS18059,PT Dwi Tunggal Putra
AS139457,PT Semut Data Indonesia
AS136824,PT RackH Lintas Asia
AS24532,PT Inet Global Indo
AS136861,PT Artamedia Citra Telematika Indonesia
AS984,Octopus Web Solution Inc.
AS149948,PT Magna Network
AS45718,PT Juragan Online Solusi
AS141107,PT Linkgo Metro Teknologi
AS138865,PT Prima Nusantara Telekomunikasi
AS58477,CV Argon Data Communication
AS139995,PT Akashia Thuba Jaya
AS137289,PT Sigma Cipta Caraka
AS211462,Andrei Tiberiu Holt
AS208453,Johan Karlsson (SweHosting)
AS49774,S.C. Interlink Banat S.R.L.
AS140885,FadedServers PTY LTD
AS151592,PT Awan Data Teknologi
AS138051,PT Sentra Data Persada
AS207176,OPENFIBER B.V.
AS139646,"HONG KONG Megalayer Technology Co.,Limited"
AS58381,PT Wowrack Indonesia Company
AS141057,PT Fokus Inovasi Faradisa Abadi
AS138608,Cloud Host Pte Ltd
AS139400,PT Rak Super Ninja
AS138915,Kaopu Cloud HK Limited
AS10217,PT NTT Indonesia
AS211713,Connectium B.V.
AS8751,MEDIA SAT SRL
AS132653,PT Transdata Sejahtera
AS150523,PT Ide Digital Inovatif
AS135370,PT Telematika Mitrakreasi
AS149340,PT Digital Hasanah Indonesia
AS131746,PT Medianusa Permana
AS138069,PT Citraweb Digital Multisolusi
AS137341,PT Wheehost Data Cloud
AS138868,CV Rumah Cloud Indonesia
AS45731,PT Ardh Global Indonesia
AS59147,PT Drupadi Prima
AS9794,PT Core Mediatech
AS211407,PT Perwira Media Solusi
AS24195,PT Dhecyber Flow Indonesia
AS133337,PT Menara Sinar Semesta
AS24213,PT Arsen Kusuma Indonesia
AS137352,PT Cloudata Indonesia
AS211033,Jose Poyato Prieto
AS199699,GAMGROUP SRLS
AS201333,Naquadria S.R.L.
AS398465,Rackdog LLC
AS131316,Slnet Hosting
AS41075,ATW Internet Kft.
AS138107,PT Virtual Data Centra Indonesia
AS17671,PT Jetcoms Netindo
AS38496,PT Cyber Network Indonesia
AS59134,PT Datacomm Diangraha
AS45713,PT Dewata Telematika
AS215780,NordicVM LTD
AS19318,"Interserver, Inc"
AS200193,ITM Yazilim Bilgisayar Sistemleri ve Danismanlik Tic. Ltd. Sti
AS58495,PT Parsaoran Global Datatrans
AS23699,PT IP Teknologi Komunikasi
AS8375,Telehouse Deutschland GmbH
AS51088,A2B IP B.V.
AS207451,Ales Hruska
AS209365,"Brutalsys, S.L."
AS6893,"Saitis Network, N.Desir"
AS23033,Wowrack.com
AS263702,GRUPO ZGH SPA
AS139456,PT Dewaweb
AS18779,EGIHosting
AS34259,"TOV ""Highload Systems"""
AS216084,"Noah Kemm trading as ""KemmIT"""
AS62904,Eonix Corporation
AS398101,"GoDaddy.com, LLC"
AS7506,"GMO Internet,Inc"
AS32244,"Liquid Web, L.L.C"
AS131965,Xserver Inc.
AS29873,"Newfold Digital, Inc."
AS19871,"Network Solutions, LLC"
AS47583,Hostinger International Limited
AS46606,Unified Layer
AS11775,"Clougix, LLC"
AS31034,Aruba S.p.A.
AS140627,OneQode
AS47679,GROUPE NEOTECH SAS
AS22296,Vorsk LLC
AS215813,Association Athena-Heberg
AS37738,HOSTOWEB
AS147124,PT Hostingan Awan Indonesia
AS50565,Muzaffer Guler
AS58397,PT Infinys System Indonesia
AS201670,S.C. INFOTECH-GRUP S.R.L.
AS151338,PoloNetwork Limited
AS210403,Groupe LWS SARL
AS141120,PT Warna Data Multimedia
AS55536,Pacswitch Globe Telecom Limited
AS41098,NetFox Ltd.
AS23724,China Telecom Beijing IDC Network
AS34465,NCRYPTD NET LTD
AS132859,TheDC Pty Ltd
AS149910,PT Ding Kloud Indokarya
AS18156,PT Bitnet Komunikasindo
AS38001,NewMedia Express Pte. Ltd.
AS134451,NewMedia Express Pte Ltd
AS136047,Info Developers Pvt. Ltd.
AS136170,PT Exabytes Network Indonesia
AS48825,Fast2host - Fast4networks Ltd
AS9063,VSE NET GmbH
AS399486,Virtuo
AS11362,Vector Data Systems LLC
AS21738,Rozint
AS150828,Vmon Cloud Company Limited
AS4382,PT Indonusa System Integrator Prima
AS26042,"FiberState, LLC"
AS45352,IP ServerOne Solutions Sdn. Bhd.
AS215812,EnkiTech Bilisim Limited Sirketi
AS210930,Lennmedia B.V.
AS41909,PINVDS OU
AS1820,WNET TELECOM USA Corp.
AS47527,DLX A/S
AS51264,Kutumova Olena
AS53340,FiberHub (VegasNAP)
AS204729,Servervy B.V.
AS136897,Enjoyvc Cloud Group Limited.
AS399804,Hostodo
AS35112,GBN group Ltd
AS216155,Julien CHEVALIER t/a MiridiaGame
AS215738,Julian Tiedke (Dashserv)
AS141584,PT Jetorbit Teknologi Indonesia
AS136845,PT APIK Media Inovasi
AS140442,PT Nusantara Teknologi Semesta
AS136851,PT Ardetamedia Global Komputindo
AS58715,EARTH TELECOMMUNICATION (Pvt) LTD.
AS205687,HiERO GmbH
AS199707,ByteVirt LLC
AS138126,PT Newton Cipta Informatika
AS46050,PT JC Indonesia
AS138062,PT Awan Kilat Semesta
AS212504,AdKyNet SAS
AS201217,RADISHCLOUD TECHNOLOGY LLC
AS141070,PT Komputasi Awan Karya Anak Bangsa
AS135444,PT Ikubaru Indonesia
AS48282,Hosting technology LTD
AS216246,Aeza Group LLC
AS62222,QuickSoft LLC
AS269777,GRUPO LUMA SAS
AS216075,Association EtherLinx
AS212000,Zeljko Rosic
AS139057,Legend Dynasty Pte. Ltd.
AS29802,"HIVELOCITY, Inc."
AS209220,Ablative Hosting Ltd
AS216030,GoodLeaf Hosting & Development LLC
AS215594,WORLDBUS (TradeZone)
AS201575,WORLDBUS (TradeZone)
AS399883,CodeforHost Inc
AS140068,360 Internet Inc
AS204038,AD IT Systems GmbH
AS51847,Nearoute Limited
AS61112,AKILE LTD
AS29226,MasterTel
AS150493,PT Gunung Sedayu Sentosa
AS199393,MAKEAPP CLOUD Ltd
AS136582,LIFTUP HOSTING PTY LTD
AS141892,CV Andhika Pratama Sanggoro
AS216382,Layer Marketing Services LLC
AS399686,Semiband LLC
AS215865,Menno Job Gravekamp trading as Atrioxhosting
AS203020,HostRoyale Technologies Pvt Ltd
AS151001,PT Hantamo Web Cepat
AS29066,velia.net Internetdienste GmbH
AS43607,Florian Bach
AS37611,Afrihost (Pty) Ltd
AS400402,"Hosting Bot, LLC"
AS212332,Agustina Sempere Ruiz trading as Thinco Telecom
AS204932,George Sgouridis trading as Friktoria.com - Data Center Services.
AS215310,Pfcloud UG
AS212238,Datacamp Limited
AS53616,Asymptote Network LLC
AS14749,Russellville Electric Plant Board
AS209243,QuickHostUK Limited
AS215693,Bruno Andres Sampedro Trujillo
AS204548,Kamatera Inc
AS204508,Gatterer Manuel trading as MLGT
AS398395,PureVoltage Hosting Inc.
AS7979,"Servers.com, Inc."
AS136868,PT Terasys Virtual
AS131149,"Yuan-Jhen Info., Co., Ltd"
AS47536,PathConnect GmbH
AS62005,BlueVPS OÜ
AS47526,handily networks GmbH
AS211759,Miku Network Technology Limited
AS44810,Vortixia Holdings Limited
AS39120,Convergenze S.p.A.
AS215137,Association Kanade
AS945,HAONAN YANG
AS58955,"Bangmod Enterprise Co., Ltd."
AS207083,HostSlim B.V.
AS40081,"Hexium Hosting, LLC"
AS215703,ALEXANDRU VLAD trading as FREAKHOSTING
AS215101,HOSTLOCAL NETWORKS LTD
AS215664,Multi Service S.r.l.s.
AS215437,Pawel Kraczkowski
AS63150,Bage Cloud LLC
AS50917,Diederik Focko de Zee
AS56150,Viet Solutions Services Trading Company Limited
AS45839,Shinjiru Technology Sdn Bhd
AS33182,"HostDime.com, Inc."
AS131866,Digital Edge Korea
AS5538,Institute of Mathematics and Computer Science of University of Latvia
AS45324,PT Global Media Teknologi
AS397627,"CloudConnect, LLC"
AS140892,Auswide Services IT
AS199029,World Registry of Internet Domains LTD
AS206362,Enreach (OSS Networks)
AS35407,Santa Monica Networks SIA
AS39845,2 Cloud Ltd.
AS58269,CloudHosting SIA
AS43317,SIA VEESP
AS12993,Sabiedriba ar ierobezotu atbildibu DELSKA Latvia
AS43513,Sia Nano IT
AS13194,"UAB ""Bite Lietuva"""
AS8194,Latvia State Radio and Television Centre
AS210213,Latvia State Radio and Television Centre
AS42295,TBISS Ltd.
AS41679,Cadence SIA
AS61049,Exascale Limited
AS24645,"CSC Telecom, UAB"
AS207872,OU CSC Telecom Estonia
AS215142,Association By-Hoster
AS6702,"Science Production Company ""Trifle"" Ltd."
AS207108,AH CLOUD LTD
AS215680,Luc Haaijer trading as Ferox Hosting
AS215837,Wolf-Steve Niebuhr
AS46824,NameCrane LLC
AS216071,SERVERS TECH FZCO
AS150315,Virtury Cloud Private Limited
AS59135,PT Suraloka Digital Kreatif
AS4434,PT Rahajasa Media Internet
AS142565,Bangmod Cloud Pte. Ltd.
AS43065,Nordlo Sodra Norrland AB
AS400958,Vultric Hosting
AS47272,HYEHOST LTD
AS142594,SpeedyPage Ltd
AS38767,PT Awan Media Semesta
AS151704,BHARAT DATACENTER
AS23470,ReliableSite.Net LLC
AS152699,Shockbyte Pty Ltd
AS216226,David de Graaf trading as Netguard Solutions
AS215787,NTG Nuernberger Telekommunikationsgesellschaft mbH
AS43220,team.blue Norway
AS26195,Cyberri Technologies Inc.
AS152565,JOY SERVICES
AS152390,PT Intercloud Digital Inovasi
AS215049,ORDI-NET SAS
AS215267,Efekan Rasit Zeybek
AS46055,PT Roka Lane Asia
AS215085,Maik Polman trading as PixelHosting
AS204104,Giti Secure Cloud LLC
AS31673,Uniserver Internet B.V.
AS152754,CV Cron Interdata Nusantara
AS202635,Server Farm LLC
AS215362,Promo Plus SRL
AS136107,PT Tujuh Ion Indonesia
AS215147,Schleyer-EDV UG
AS216209,CELIL KILIC
AS6424,EDGOO NETWORKS
AS45325,PT PC24 Telekomunikasi Indonesia
AS151000,PT Awan Data Indonesia
AS150949,PT RumahNET Internusa
AS29243,Euronic Oy (fka MMD)
AS135377,UCLOUD INFORMATION TECHNOLOGY (HK) LIMITED
AS54600,PEG TECH INC
AS55669,PT Maxindo Content Solution
AS59339,BLACKBIRD IT PTY LTD
AS135450,PT Berkah Solusi Teknologi Informasi
AS58377,PT Sentra Niaga Solusindo
AS263644,FRUGUI TELECOMUNICACOES LTDA
AS215365,Tom Gewiese
AS21396,NetConnex Broadband Ltd.
AS214882,Hadi Santosa
AS136733,Racks Central Pte Ltd
AS51898,Ak Bulut Soft LLC
AS35625,Eurofiber France SAS
AS48925,VibeGAMES B.V.
AS34372,VegaSystems GmbH & Co. KG
AS26006,Exodo LLC
AS138141,PT Waluya Istana Nusantara
AS214639,ITM NORD AS
AS37988,Alpha Layer Pty Ltd
AS133210,EN Technologies Pte Ltd
AS4851,Host Networks
AS51701,Adminor Aktiebolag
AS7354,"DediOutlet, LLC"
AS399045,"DediOutlet, LLC"
AS4651,The Communications Authority of Thailand (CAT)
AS133480,5G NETWORK OPERATIONS PTY LTD
AS400175,"Microtronix ESolutions, LLC"
AS209641,I-SERVERS LTD
AS197477,Moritz Mantel trading as Nerdscave
AS49217,HOSTYPE LLC
AS208208,Marco Lingl trading as Cyberse GmbH & Co. KG
AS30880,SpaceDump IT AB
AS38813,Emantra Pty Ltd
AS11805,Ennwise
AS3842,"InMotion Hosting, Inc."
AS216249,Photon Spark S.R.L.
AS138398,Prodigi Technology Services Limited
AS215370,Thomas Sebastiaan Viet trading as Wasabi Hosting
AS63139,BEDGE CO LIMITED
AS393905,Host Havoc
AS41480,Systemec BV
AS399647,Rumble USA Inc.
AS30844,Liquid Intelligent Technologies 
AS215762,Bullet Group LTD
AS33028,"VEXXHOST, Inc."
AS197483,SYSAD IT SERVICES SL
AS34409,Polska Press Sp. z o.o.
AS201814,MEVSPACE sp. z o.o.
AS215659,Aokigahara SRL
AS151873,TOTHOST SOLUTIONS AND TECHNOLOGIES COMPANY LIMITED
AS9123,"JSC ""TIMEWEB"""
AS41853,Limited Liability Company NTCOM
AS210079,EuroByte LLC
AS48108,VirtualDC (Dmitrii Vladimirovich Malkov)
AS202984,Chernyshov Aleksandr Aleksandrovich
AS25091,IP-Max SA
AS209604,ibrahim tufek
AS47172,Greenhost BV
AS206075,Hollander & Jacobsen UG (haftungsbeschraenkt)
AS12186,GVVME
AS42695,Cleura AB
AS30148,Sucuri
AS200350,Yandex.Cloud LLC
AS132861,LAO DC IT SOLE COMPANY LIMITED
AS33837,Fredrik Holmqvist
AS44066,firstcolo GmbH
AS49532,Eonix Corporation
AS49447,Nice IT Services Group Inc.
AS51290,BARTOSZ WASZAK trading as HOSTEAM S.C. TOMASZ GROSZEWSKI BARTOSZ WASZAK LUKASZ GROSZEWSKI
AS45903,CMC Telecom Infrastructure Company
AS4648,Spark New Zealand
AS60439,SERVERNET INTERNET LIMITED
AS133398,Tele Asia Limited
AS197155,Artnet Sp. z o.o.
AS197226,"""SPRINT"" S.A."
AS42237,w1n ltd
AS206264,Amarutu Technology Ltd
AS41281,KeFF Networks Ltd
AS49788,Nexthop AS
AS46433,EBOUNDHOST.com
AS53850,"GorillaServers, Inc."
AS201409,HOSTSHIELD LTD
AS208258,Access2.IT Group B.V.
AS199959,GWY IT PTY LTD
AS150978,CV Bekantan Jantan
AS11320,LightEdge Solutions
AS44324,MoeDove LLC
AS214657,Bls Services Tecnologia em Software Ltda
AS53767,iCastCenter
AS214902,Philip Fjaera trading as PFWeb Solutions
AS60404,The Infrastructure Group B.V.
AS329166,Absolute Hosting (Pty) Ltd
AS39134,EDINAYA SET LIMITED LIABILITY COMPANY
AS208440,GmhostGrupp OU
AS59939,WIBO Baltic UAB
AS136933,Gigabitbank Global
AS56971,CGI GLOBAL LIMITED
AS49870,Alsycon B.V.
AS263812,SONDATECH S.A.S.
AS215826,Partner Hosting LTD
AS28917,"Fiord Networks, UAB"
AS211619,MAXKO d.o.o.
AS211557,TAYNET TEKNOLOJI TICARET LIMITED SIRKETI
AS204957,GREEN FLOID LLC
AS63737,VIETSERVER SERVICES TECHNOLOGY COMPANY LIMITED
AS202306,HOSTGLOBAL.PLUS LTD
AS43180,Trunk Networks LTD
AS401104,Cyber Planet LLC
AS29686,Jonas Frey trading as Probe Networks
AS59210,PhoenixNAP
AS42337,Respina Networks & Beyond PJSC
AS63956,5G NETWORK OPERATIONS PTY LTD
AS4826,Vocus Connect International Backbone
AS270013,J AND J SPA (INFOFRACTAL)
AS205275,ROMARG SRL
AS201133,Verdina Ltd.
AS135069,Feenix Communications Limited
AS6786,Cronon GmbH
AS42675,Obehosting AB
AS57344,Telehouse EAD
AS39572,DataWeb Global Group B.V.
AS208414,"WEDOS Internet, a.s."
AS46841,"Fork Networking, LLC"
AS34689,Castlegem SRL
AS204615,IP Fiber Inc
AS20647,IPB Internet Provider in Berlin GmbH
AS199118,Heinlein-Support GmbH
AS8851,GCI Network Solutions Limited
AS44356,Epsilon Telecommunications Ltd
AS50245,Serverel Inc.
AS55803,Hostopia Australia Web Pty Ltd
AS7540,HongKong Commercial Internet Exchange
AS44546,ALFA TELECOM s.r.o.
AS56611,REBA Communications BV
AS57717,FiberXpress BV
AS149448,Singapore Data Cloud Pte. Ltd.
AS52361,ARSAT - Empresa Argentina de Soluciones Satelitales S.A.
AS213373,IP Connect Inc
AS328543,Sun Network Company Limited
AS216127,INTERNATIONAL HOSTING COMPANY LIMITED
AS207957,SERV.HOST GROUP LTD
AS34872,Servperso Systems
AS152194,CTG Server Limited
AS62068,SpectraIP B.V.
AS140395,PT Radnet Digital Indonesia
AS34665,Petersburg Internet Network ltd.
AS32558,BINARY NETWORKS SOLUTIONS LLC
AS214922,FanAvaran Mihan Mizban PJSC
AS142002,Scloud Pte Ltd
AS149042,Silicon Cloud Global (US)
AS215353,Josef Hrabe
AS212913,FOP Hornostay Mykhaylo Ivanovych
AS215540,GLOBAL CONNECTIVITY SOLUTIONS LLP
AS32338,Hostiserver Ltd
AS8860,Delta HighTech Ltd.
AS140403,PT Graha Fatta
AS11117,"Nuyek, LLC"
AS36891,Icosnet SPA
AS6698,Virtual Systems LLC
AS198610,Beget LLC
AS12586,GHOSTnet GmbH
AS198068,P.A.G.M. OU
AS263237,PowerHost Telecom SPA
AS395471,"Data@ccess Communication, Inc."
AS48753,AVA HOST SRL
AS204769,"DigiRDP, LLC"
AS140543,"ReadyDedis, LLC"
AS152586,Kuroit
AS216145,7DC INTERNET LTD.
AS35680,Volia-Cable LLC
AS57944,IP-Connect LLC
AS4637,Telstra Global
AS215859,Hetzner Cloud - Singapore
AS29208,"Quantcom, a.s."
AS13768,Aptum Technologies
AS147181,Flarezen Ltd.
AS200950,Lyratris Limited
AS397423,Tier.Net Technologies LLC
AS397373,H4Y Technologies LLC
AS45152,"Zone Networks Pty Ltd, Managed Hosting Solutions"
AS205948,creoline GmbH
AS55470,Cyfuture India Pvt. Ltd.
AS39602,The Cent.re Group Limited
AS200461,Ian David Klemm
AS214828,"StarLight Network, Inc."
AS48287,"JSC ""RU-CENTER"""
AS142019,GZ REMITTANCE (CHINA) INDUSTRY LIMITED
AS48011,Turunc Smart Bilgisayar Teknoloji Ve Dis Ticaret Limited Sirketi
AS202656,Ivanov Vitaliy Sergeevich
AS207990,HostRoyale Technologies Pvt Ltd
AS48689,"Webglobe, a.s."
AS52025,ParadoxNetworks Limited
AS34362,Terrakom d.o.o.
AS215144,Association HwHost
AS19151,"BroadbandONE, LLC"
AS62113,Kracon ApS
AS29611,Elite Limited
AS21499,Host Europe GmbH
AS39923,Unix-Solutions BV
AS31103,Keyweb AG
AS199752,Go-Trex Holding BV
AS44714,SERVUDC VERI MERKEZI A.S.
AS200000,Hosting Ukraine LTD
AS266400,Ferenz Networks
AS51311,Noisy Stream Oy
AS211826,Istqrar for Servers Services Ltd
AS59711,HZ Hosting Ltd
AS197649,JUAN PORRO FLORES
AS199484,Euronet Telekomunikasyon A.S.
AS42093,InterRacks B.V.
AS151151,Flexeere It Solutions Private Limited
AS200740,First Server Limited
AS12731,IPHH Internet Port Hamburg GmbH
AS201983,Ansluten Hosting i Sverige AB
AS41108,comtrance service GmbH
AS28725,CETIN a.s.
AS265694,Nicolas Lagunas Turczyn(MACROHOSTING)
AS917,"Misaka Network, Inc."
AS64487,Cas Ebbers trading as BroadcastFacilities
AS132335,Leapswitch Networks Pvt. Ltd.
AS8342,JSC RTComm.RU
AS31298,Zulu Ltd.
AS51747,Internet Vikings International AB
AS134677,Dromatics Systems Pte Ltd
AS912,Hut 8 Mining Corp.
AS29239,I-NetPartner GmbH
AS40395,VIRTBIZ Internet Services
AS46505,NixiHost.com Incorporated
AS141309,Yaksh Enterprises
AS214466,AE Olfe Teknoloji ve Ticaret Ltd. Şti.
AS212128,"LLC ""HORIZON"""
AS44946,Dembach Goo Informatik GmbH & Co. KG
AS33554,Neutral Data Centers Corp.
AS267355,HOSTIDC INTERNET DATACENTER LTDA
AS60144,3W Infra B.V.
AS211750,Stef Herman Anton Wolters trading as MC-Node
AS50392,LLC Campus Networks
AS210429,Hizakura B.V.
AS40156,The Optimal Link Corporation
AS931,Hyonix
AS64241,"Wobscale Technologies, LLC"
AS56030,Voyager Internet Ltd.
AS399989,ULTRA ONE
AS214677,Matteo Martelloni trading as DELUXHOST
AS39737,Prime Telecom srl
AS268513,RFC DE SOUZA LTDA
AS28768,Alpilink Cloud S.A.S.
AS35667,Alpilink Cloud S.A.S.
AS152788,PT Altech Sistem Indonesia
AS42624,Global-Data System IT Corporation
AS215232,Pan Maksym
AS63025,NOHAVPS LLC
AS59538,UPSTREAM NETWORK LTD
AS202422,G-Core Labs S.A.
AS43362,Hosting Ltd
AS16205,DSI GmbH Daten Service Informationssysteme
AS57358,IMT-Systems GmbH
AS215628,Xenox IT & Kommunikations GmbH
AS216221,Marco Rossi trading as XeniaHosting
AS206170,Yelles AB
AS39686,Eurofiber Nederland BV
AS21574,Century Telecom Ltda
AS62199,Verne Global hf.
AS20694,NMMN New Media Markets & Networks IT-Services GmbH
AS8304,Ecritel SASU
AS31727,Node4 Limited
AS209181,Zenex 5ive Limited
AS5404,conova communications GmbH
AS3255,Ukrainian Academic and Research Network
AS13034,SOLOCAL
AS12826,CYLLENE ITS SAS
AS12807,Orange Business Services SA
AS12601,Cegedim.Cloud SASU
AS12362,Euris Health Cloud SAS
AS19879,"Propel Labs, LLC"
AS45014,Nuco Technologies Ltd
AS203329,NTT Global Data Centers EMEA GmbH
AS15576,NTS workspace AG
AS4455,IX Reach Ltd
AS152900,Onidel Pty Ltd
AS26277,ServerPoint.com
AS216394,Netlen Internet Hizmetleri Ltd. Sti.
AS51692,Steven Smith trading as HyberHost
AS23576,NAVER Cloud Corp.
AS4618,Internet Thailand Company Limited
AS48031,Ivanov Vitaliy Sergeevich
AS61610,ELEA DATA CENTERS
AS215470,LAZCO STUDIO LTD
AS29056,Citycom Telekommunikation GmbH
AS60800,Netwise Hosting Ltd
AS42346,NorthC Schweiz AG
AS60064,HOSTPALACE DATACENTERS LTD
AS24916,Orbital Net Ltd
AS53636,Xerio
AS51468,One.com A/S
AS9002,RETN Limited
AS39702,S-IT Verwaltungs GmbH trading as S-IT Informationstechnologie Betreiber GmbH & Co. KG im Nordschwarzwald
AS55293,"A2 Hosting, Inc."
AS12519,FastNet International Ltd
AS208621,LogicForge Limited
AS12886,LEW TelNet GmbH
AS25220,equada network GmbH
AS29655,Trenka Informatik AG
AS201401,NewVM B.V.
AS3920,ESTOXY OU
AS209428,FBW NETWORKS SAS
AS58291,ColoCenter b.v.
AS47720,CORK INTERNET EXCHANGE LIMITED
AS34373,XXLnet B.V.
AS50272,AVUR AS
AS59659,Securus Communications Ltd.
AS205697,ALOJALIA CLOUD S.L.
AS43578,TEMPLUS BARCELONA S.L.
AS204035,oneCorp GmbH
AS8676,PRT Systems Limited
AS39637,ADES BV
AS198385,AlpineDC SA
AS12312,ecotel communication ag
AS20853,eTOP sp. z o.o.
AS15699,"Adam EcoTech, S.A"
AS31708,Coreix Ltd
AS209288,Services2xs b.v.
AS50522,Sewan Nederland B.V.
AS34968,iunxi B.V.
AS34863,HEXANET SAS
AS5539,SpaceNet AG
AS21409,Ikoula Net SAS
AS198037,SPACECORE SOLUTION LTD
AS43366,OSSO B.V.
AS214834,Rekade LTD
AS212514,SpanningNetworks AS
AS42532,SIA VEESP
AS24951,EveryWare AG
AS39591,Global-e ICT solutions B.V.
AS8823,Rockenstein AG
AS16082,Spitfire Network Services Limited
AS29691,Nine Internet Solutions AG
AS48200,Opteamax GmbH
AS39537,SysGroup plc
AS9211,Nawork Internet Informationssysteme GmbH
AS216147,Association FreshPerf
AS13649,Flexential Colorado Corp.
AS152878,Luna
AS133380,Layerstack Limited
AS215355,ALICE NETWORKS LTD
AS200223,Lars Jannick Volkers trading as Etheron Hosting
AS23471,ited Solutions
AS206934,Beeks Financial Cloud Ltd
AS25415,ADDIX GmbH
AS51483,SaSG GmbH & Co. KG
AS28748,Marc Pauls (AlphaCron Datensysteme)
AS51269,HEXATOM s.a.r.l.
AS39605,Iguane Solutions SAS
AS34971,CDLAN SpA
AS42567,MOJOHOST B.V.
AS13039,Global Village GmbH
AS9100,CONVOTIS Swiss Cloud AG
AS9036,Neuronnexion SCOP
AS399888,WireCat LLC
AS24592,ECONOCOM CLOUD SL
AS50655,ITS HOSTED
AS31383,Computel Standby BV
AS45037,Propelin Consulting S.L.U.
AS8859,OSN Online Service Nuernberg GmbH
AS48266,Catixs Ltd
AS57455,Filanco Ukraine Ltd.
AS34442,BNW TECHNOLOGY LTD
AS61098,Exoscale (Akenes SA)
AS51050,H4Hosting BV
AS28889,LinzNet Internet Service Provider GmbH
AS216285,MYIP NETWORKS G.P.
AS59554,Datacenter Groningen B.V.
AS197731,The Internet Engineering Group B.V.
AS64073,Vetta Online Ltd
AS150623,HOSTDZIRE WEB SERVICES PRIVATE LIMITED
AS60610,Amito Ltd
AS398343,Baxet Group Inc.
AS49683,MASSIVEGRID LTD
AS39409,Sebastian-Wilhelm Graf
AS33333,"objx.net, LLC"
AS16353,Merula Limited
AS3236,SERVER.UA LLC
AS35758,Rachamim Aviel Twito
AS12775,JPC Infonet Ltd
AS44973,Rechenzentrum Hassfurt GmbH
AS59455,Clearstream Technology ltd
AS206892,Rendszerinformatika Zrt.
AS51395,Datasource AG
AS21476,all-connect Data Communications GmbH
AS28792,Public Internet Ltd
AS398826,OLink Cloud LLC
AS48971,DATAWIRE AG
AS22611,"InMotion Hosting, Inc."
AS41678,The Internet Business Ltd
AS15456,InterNetX GmbH
AS200062,Optitrust GmbH
AS396073,"Majestic Hosting Solutions, LLC"
AS20799,Datanet.co.uk Ltd
AS6681,GIVEME CLOUD SP Z O O
AS57910,"Soluciones Corporativas IP, SL"
AS56990,Syscomm Limited
AS215140,Lucas ANSQUER
AS47480,Blue Tiger Solutions Limited
AS58329,servinga GmbH
AS198160,NUXOA GmbH
AS40244,Turnkey Internet Inc.
AS62512,Sandwich Internet Corp.
AS208591,Aitire S.L
AS9723,iseek Communications Pty Ltd
AS28855,Octopuce s.a.r.l.
AS25560,rh-tec Business GmbH
AS19969,CyberCloud Professionals LLC
AS198651,"HOSTLINE, UAB"
AS197309,RS-Media LLC
AS200851,Bamboozle Web Services MEA FZ-LLC
AS211251,A1 Internet BV
AS47836,SC Web Software Development SRL
AS56038,RackCorp
AS47138,PLANinterNET GmbH
AS197518,Rackmarkt SL
AS25376,Netnorth Limited
AS8554,TAS France SAS
AS33876,"DMNS - DOMINIOS, S.A."
AS57043,HOSTKEY B.V.
AS46475,"Limestone Networks, Inc."
AS43615,Corporate Solutions SIA
AS3281,2CLOUD SIA
AS48596,InterNetworX Management GmbH
AS208636,SDC Hosting and Support Ltd
AS263511,Saveincloud Hospedagem na Internet Ltda
AS44141,DEVCLIC SARL
AS15388,OMCnet Internet Service GmbH
AS202054,"GRUPO SYS4NET, S.L."
AS25455,Guardfox SRL
AS60488,Visual Design & Networks S.L.
AS203866,Versija SIA
AS41898,"SIA ""Datu Tehnologiju Grupa"""
AS213166,UA-Hosting SIA
AS202221,Lailio Solutions SIA
AS58061,Scalaxy B.V.
AS45753,Netsec Limited
AS138195,MOACK.Co.LTD
AS34931,Awareness Software Limited
AS15287,"EasyVM, LLC"
AS2514,"NTT PC Communications, Inc."
AS50131,Spartan Host Ltd
AS29452,Secura Hosting Ltd
AS4213,Krypt Technologies
AS40065,CNSERVERS LLC
AS45477,AP TRANSIT PTE LTD
AS58087,Florian Kolb
AS59778,Synextra Limited
AS29668,vXtream Ltd
AS206804,EstNOC OY
AS4694,IDC Frontier Inc.
AS31083,Telepoint Ltd
AS134835,Starry Network Limited
AS17378,"TierPoint, LLC"
AS57169,EDIS GmbH
AS8495,INTERNET AG Global Network
AS205787,Public Cloud Ltd.
AS136102,PT Arupa Cloud Nusantara
AS215450,Snowcore Cyf
AS48090,TECHOFF SRV LIMITED
AS53264,"SBA Edge, LLC"
AS398478,PEG TECH INC
AS25575,Ledl.net GmbH
AS19994,Rackspace Hosting
AS47152,Francesco Ascione trading as FIBERSIX
AS15083,Infolink Global Corporation
AS21581,M5 Computer Security
AS44476,ZETTA HOSTING SOLUTIONS LLC.
AS12996,Domeneshop AS
AS22302,"INOC, LLC"
AS8622,TEAM BLUE INTERNET SERVICES UK LIMITED
AS32625,"OFFSITE, LLC"
AS7859,pair Networks
AS42910,PremierDC Veri Merkezi Anonim Sirketi
AS33132,Crown Castle Fiber LLC
AS46887,Crown Castle Fiber LLC
AS29838,"Atlantic Metro Communications II, Inc."
AS38676,flexnetworks
AS37684,Angani Limited
AS215730,H2NEXUS LTD
AS41608,"NextGenWebs, S.L."
AS13706,CompleteWeb.Net LLC
AS48716,PS Internet Company LLP
AS59895,Binary Racks Limited
AS204154,FIRST SERVER LIMITED
AS20655,e-Style ISP LLC
AS29863,"Latisys-Denver, LLC"
AS269038,IDX DATA CENTERS & IT SERVICES S.A.
AS13135,Wieske's Crew GmbH
AS215304,YUWAN NETWORKS LIMITED
AS135330,ADCDATA.COM
AS24875,NovoServe B.V.
AS39570,Loopia AB
AS215467,Skhron OU
AS16298,Lubbers Box Telematica BV
AS202602,Greencloud LLC
AS1100,Nuday Networks Inc.
AS399275,Solid Systems LLC
AS13737,"INCX Global, LLC"
AS2118,Reliable Communications s.r.o.
AS198983,Joseph Hofmann trading as 'Tornado Datacenter GmbH & Co. KG'
AS204844,NCSE NETWORK LTD
AS216193,SKORPIA AD
AS9186,"ONITELECOM - INFOCOMUNICACOES, S.A."
AS32002,RackGenius
AS27176,DataWagon LLC
AS51728,Seltimil Oy
AS132111,Bigband Sdn Bhd
AS141995,Contabo Asia Private Limited
AS397018,Cloud Propeller
AS18526,"DDPS Networks, LLC"
AS19853,OrangeHost
AS19366,Fibertown Data Centers
AS9371,SAKURA Internet Inc.
AS24282,KAGOYA JAPAN Inc.
AS197795,ColdHosting SL
AS38136,Akari Networks
AS60223,Netiface Limited
AS49805,Berke FINCANCI
AS28907,"Internet Invest, Ltd."
AS200514,KnownSRV Ltd.
AS32526,CatalystVM LLC
AS203315,Web Wiz Ltd
AS203557,SIA RixHost
AS215039,Nodesty LLC
AS399646,Snaju Development
AS203576,Onur Ekren
AS197450,SUNUCUN BILGI ILETISIM TEKNOLOJILERI VE TICARET LIMITED SIRKETI
AS140599,COMFAC CORPORATION
AS216475,NKtelecom INC
AS399820,Atomic Networks LLC
AS41111,FAST GEO HOSTING S.R.L.
AS59364,vHost Holdings Pte Ltd
AS62212,SmartApe OU
AS41745,Baykov Ilya Sergeevich
AS60631,Pars Parva System LLC
AS55933,Cloudie Limited
AS60077,Asre Dadeha Asiatech
AS61084,Mehmet Selim Sahin
AS61414,EDGENAP LTD
AS48430,Perviy TSOD LLC
AS49635,CLOUDI NEXTGEN SL
AS44133,IPAX GmbH
AS398823,PEG TECH INC
AS215419,Karizanta LTD
AS216139,Iron Hosting Centre LTD
AS30938,ahbr company limited
AS35251,NetLab Global
AS397273,Render
AS205196,BIG CORE LLC
AS208161,Pars Shabakeh Azarakhsh LLC
AS209805,SBCLOUD LLC
AS210538,KEYUBU Internet ve Bilisim Tic. Ltd. Sti.
AS211056,Amir Hosein Maaref
AS212077,Web Gostaran Shaina Shiraz LLC
AS212607,Saeid Shahrokhi
AS204770,UAB Cherry Servers
AS131642,"Pittqiao Network Information Co.,Ltd."
AS134196,"ANYUN INTERNET TECHNOLOGY (HK) CO.,LIMITED"
AS134286,Net for Choice
AS140810,Megacore Technology Company Limited
AS152460,Greenhost BV
AS199058,SERVA ONE LTD
AS200252,Chakavak Pardazesh Hooshmand Alborz
AS200088,Artnet Sp. z o.o.
AS152672,Aiyun (HK) Network
AS35478,Bunea TELECOM SRL
AS12167,LightWave Networks
AS397391,Hop One Networks LLC
AS213354,INTERNATIONAL HOSTING SOLUTIONS LLP
AS214668,AxusHost B.V.
AS199900,Bedriftssystemer AS
AS215691,AP INTERACTIVE SOLUTIONS SL
AS59441,NOAVARAN SHABAKEH SABZ MEHREGAN (Ltd.)
AS64286,LogicWeb Inc.
AS140227,"Hong Kong Communications International Co., Limited"
AS44136,ODERLAND Webbhotell AB
AS23507,AV SERVICES LLC
AS60011,Mythic Beasts Ltd
AS56851,PE Skurykhin Mukola Volodumurovuch
AS207408,servinga GmbH
AS203939,"Mosaic Data Services, Inc."
AS270548,AGI TELECOM LTDA
AS214996,netcup GmbH - Manassas
AS216117,Association CLIENTXCMS
AS201692,Zoner Oy
AS214730,FOMO CREW FZCO
AS11753,"Elevated MSP, LLC"
AS400940,Railway
AS14401,"SolidNetwork Technologies, Inc."
AS203184,FNZ HOLDINGS UK LIMITED
AS207619,HOSTART LLC
AS6747,SIA Tet
AS5518,SIA Tet
AS48014,Albanian Hosting SH.P.K.
AS211642,AdminVPS OOO
AS209628,MAZEN LLC
AS139659,LUCIDACLOUD LIMITED
AS208226,OUIHEBERG SARL
AS11721,StylenTech LLC
AS54290,Hostwinds LLC.
AS62370,Snel.com B.V.
AS271927,IPCOM SISTEMAS S.A.S.
AS215599,Zkillu SAS
AS8796,FASTNET DATA INC
AS208287,DC Host INC
AS29222,Infomaniak Network SA
AS61395,sysops Finland Oy
AS149440,Evoxt Enterprise
AS136787,PacketHub S.A.
AS24971,MasterDC s.r.o.
AS151964,ZGX PTY LTD
AS43861,Circle B B.V.
AS135682,Advika Web Developments Hosting Pvt Ltd
AS61354,"Limited Liability Company ""De Novo"""
AS137286,PT Arupa Cloud Nusantara
AS270055,CODINGAR S.R.L.
AS33984,Surfplanet GmbH
AS215413,PebbleHost Ltd
AS35042,Layer7 Networks GmbH
AS14847,"Peck Servers, LLC"
AS201021,Ahmet Onur Guney trading as Onur Bilisim Ve Yazilim Hizmetleri
AS7629,"Vitro, Inc."
AS35908,Krypt Technologies
AS209372,WS Telecom Inc
AS212496,SIA GOOD
AS52173,Sia Nano IT
AS42473,ANEXIA Internetdienstleistungs GmbH
AS210636,Host9x Web Solutions Limited
AS272432,MAGAZINE LUIZA S/A
AS208677,"""Cloud Technologies"" LLC trading as Cloud.ru"
